"repayment","account","time","behavior","usage","amount","savings","employment","rate","famgen","guaran","residence","finance","age","furthcred","home","prevcred","job","pers","phone","gastarb","dtime","damount","dage","simple.score"
1,1,18,4,2,1049,1,2,4,2,1,4,2,21,3,1,1,3,1,1,1,"8","8","1",0.402366059686192
1,1,9,4,0,2799,1,3,2,3,1,2,1,36,3,1,2,3,2,1,1,"9","6","2",0.665640126921063
1,2,12,2,9,841,2,4,2,2,1,4,1,23,3,1,1,2,1,1,1,"9","9","1",0.573258081885781
1,1,12,4,0,2122,1,3,3,3,1,2,1,39,3,1,2,2,2,1,0,"9","7","2",0.709896604624755
1,1,12,4,0,2171,1,3,4,3,1,4,2,38,1,2,2,2,1,1,0,"9","7","2",0.671100730780803
1,1,10,4,0,2241,1,2,1,3,1,3,1,48,3,1,2,2,2,1,0,"9","7","3",0.728193039860311
1,1,8,4,0,3398,1,4,1,3,1,4,1,39,3,2,2,2,1,1,0,"9","6","2",0.943467211444264
1,1,6,4,0,1361,1,2,2,3,1,4,1,40,3,2,1,2,2,1,0,"10","8","3",0.839952884242713
1,4,18,4,3,1098,1,1,4,2,1,4,3,65,3,2,2,1,1,1,1,"8","8","5",0.746357001728806
1,2,24,2,3,3758,3,1,1,2,1,4,4,23,3,1,1,1,1,1,1,"7","6","1",0.519472769888105
1,1,11,4,0,3905,1,3,2,3,1,2,1,36,3,1,2,3,2,1,1,"9","6","2",0.665640126921024
1,1,30,4,1,6187,2,4,1,4,1,4,3,24,3,1,2,3,1,1,1,"6","5","1",0.598110475173642
1,1,6,4,3,1957,1,4,1,2,1,4,3,31,3,2,1,3,1,1,1,"10","7","2",0.81483950750794
1,2,48,3,10,7582,2,1,2,3,1,4,4,31,3,2,1,4,1,2,1,"3","4","2",0.428564855996193
1,1,18,2,3,1936,5,4,2,4,1,4,3,23,3,1,2,2,1,1,1,"8","7","1",0.584108914863094
1,1,6,2,3,2647,3,3,2,3,1,3,1,44,3,1,1,3,2,1,1,"10","6","3",0.713524512322718
1,1,11,4,0,3939,1,3,1,3,1,2,1,40,3,2,2,2,2,1,1,"9","6","3",0.747131035957686
1,2,18,2,3,3213,3,2,1,4,1,3,1,25,3,1,1,3,1,1,1,"8","6","1",0.723347014001987
1,2,36,4,3,2337,1,5,4,3,1,4,1,36,3,2,1,3,1,1,1,"5","7","2",0.68839950453907
1,4,11,4,0,7228,1,3,1,3,1,4,2,39,3,2,2,2,1,1,1,"9","5","2",1.03262294218251
1,1,6,4,0,3676,1,3,1,3,1,3,1,37,3,1,3,3,2,1,1,"10","6","2",0.731817792889611
1,2,12,4,0,3124,1,2,1,3,1,3,1,49,1,2,2,2,2,1,1,"9","6","3",0.742225201543996
0,2,36,2,5,2384,1,2,4,3,1,1,4,33,3,1,1,2,1,1,1,"5","7","2",0.326384420629129
1,2,12,4,4,1424,1,4,4,3,1,3,2,26,3,2,1,3,1,1,1,"9","8","2",0.786598414780436
1,1,6,4,0,4716,5,2,1,3,1,3,1,44,3,2,2,2,2,1,1,"10","6","3",0.932593788271753
1,2,11,3,3,4771,1,4,2,3,1,4,2,51,3,2,1,3,1,1,1,"9","6","3",0.829058673448197
1,1,12,2,2,652,1,5,4,2,1,4,2,24,3,1,1,3,1,1,1,"9","9","1",0.330050146420061
1,2,9,4,3,1154,1,5,2,3,1,4,1,37,3,2,3,2,1,1,1,"9","8","2",0.840273942970725
1,4,15,2,0,3556,5,3,3,3,1,2,4,29,3,2,1,3,1,1,1,"8","6","2",0.914527659236153
1,3,42,4,1,4796,1,5,4,3,1,4,4,56,3,3,1,3,1,1,1,"4","6","3",0.899858488015099
1,3,30,4,3,3017,1,5,4,3,1,4,2,47,3,2,1,3,1,1,1,"6","6","3",0.872854834715225
1,4,36,4,0,3535,1,4,4,3,1,4,3,37,3,2,2,3,1,2,1,"5","6","2",0.81150106645911
1,4,36,4,0,6614,1,5,4,3,1,4,3,34,3,2,2,4,1,2,1,"5","5","2",0.789792451007256
1,4,24,2,3,1376,3,4,4,2,1,1,3,28,3,2,1,3,1,1,1,"7","8","2",0.769238511285296
1,1,15,2,0,1721,1,2,2,3,1,3,1,36,3,2,1,3,1,1,1,"8","7","2",0.560277144333742
1,1,6,4,0,860,1,5,1,2,1,4,4,39,3,2,2,3,1,2,1,"10","9","2",0.68337604998665
1,4,12,4,0,1495,1,5,4,3,1,1,1,38,3,2,2,2,2,1,1,"9","8","2",0.952055101994229
1,4,12,4,3,1934,1,5,2,3,1,2,4,26,3,2,2,3,1,1,1,"9","7","2",0.989741321051378
1,4,18,2,1,3378,5,3,2,3,1,1,2,31,3,2,1,3,1,2,1,"8","6","2",1.06734373406777
1,4,24,4,1,3868,1,5,4,2,1,2,3,41,3,1,2,4,1,2,1,"7","6","3",0.829760045922193
1,4,12,4,5,996,5,4,4,2,1,4,1,23,3,2,2,3,1,1,1,"9","9","1",0.924668170764083
1,1,24,2,10,1755,1,5,4,2,3,4,1,58,3,2,1,2,1,2,1,"7","7","3",0.720835346279957
1,4,18,4,0,1028,1,3,4,2,1,3,1,36,3,2,2,3,1,1,1,"8","8","2",0.83088906185479
1,2,24,4,9,2825,5,4,4,3,1,3,4,34,3,2,2,3,2,2,1,"7","6","2",0.827133241772141
1,2,18,2,6,1239,5,3,4,3,1,4,4,61,3,3,1,3,1,1,1,"8","8","4",0.653139940291118
0,1,18,2,0,1216,1,2,4,2,1,3,3,23,3,1,1,3,1,2,1,"8","8","1",0.27558715594262
1,4,24,2,9,1258,1,4,4,3,1,1,1,25,3,2,1,3,1,2,1,"7","8","1",0.814651561050378
0,4,18,4,6,1864,2,3,4,2,1,2,1,30,3,2,2,3,1,1,1,"8","7","2",0.917891345854772
1,4,24,2,0,1474,2,2,4,4,1,3,1,33,3,2,1,3,1,2,1,"7","8","2",0.865885000378676
1,1,24,4,9,1382,2,4,4,3,1,1,1,26,3,2,2,3,1,2,1,"7","8","2",0.709528340788964
1,4,12,2,0,640,1,3,4,1,1,2,1,49,3,2,1,2,1,1,1,"9","9","3",0.664247814739423
1,3,36,2,3,3919,1,3,2,3,1,2,1,23,3,2,1,3,1,2,1,"5","6","1",0.679492729079122
1,4,9,4,0,1224,1,3,3,3,1,1,1,30,3,2,2,3,1,1,1,"9","8","2",0.962291372769137
1,4,12,4,3,2331,5,5,1,3,2,4,1,49,3,2,1,3,1,2,1,"9","7","3",1.39599384267183
1,4,24,2,1,6313,5,5,3,3,1,4,3,41,3,2,1,4,2,2,1,"7","5","3",0.931036230459165
1,1,12,4,3,385,1,4,4,2,1,3,1,58,3,2,4,2,1,2,1,"9","10","3",0.742181997773753
1,4,12,4,3,1655,1,5,2,3,1,4,1,63,3,2,2,2,1,2,1,"9","7","4",1.10272374741547
1,1,15,2,3,1053,1,2,4,4,1,2,1,27,3,2,1,3,1,1,0,"8","8","2",0.615309849964567
1,4,21,2,3,3160,5,5,4,3,1,3,2,41,3,2,1,3,1,2,1,"7","6","3",1.03446182897508
1,4,36,2,0,3079,5,3,4,3,1,4,1,36,3,2,1,3,1,1,1,"5","6","2",0.858378757489136
1,4,12,4,0,1163,3,3,4,3,1,4,1,44,3,2,1,3,1,2,1,"9","8","3",1.06880336628297
1,4,24,2,1,2679,1,2,4,2,1,1,4,29,3,2,1,4,1,2,1,"7","6","2",0.700004267158433
1,4,48,4,3,3578,5,5,4,3,1,1,1,47,3,2,1,3,1,2,1,"3","6","3",1.0106396303359
1,4,36,3,0,10875,1,5,2,3,1,2,3,45,3,2,2,3,2,2,1,"5","3","3",0.519491553781275
1,1,12,3,0,1344,1,3,4,3,1,2,1,43,3,2,2,2,2,1,1,"9","8","3",0.51808758521287
1,4,6,4,3,1237,2,3,1,2,1,1,2,27,3,2,2,3,1,1,1,"10","8","2",1.07354805925486
1,4,12,2,3,3077,1,3,2,3,1,4,3,52,3,2,1,3,1,2,1,"9","6","3",0.942113523982843
1,4,24,2,3,2284,1,4,4,3,1,2,3,28,3,2,1,3,1,2,1,"7","7","2",0.818019978808209
1,2,12,2,3,1567,1,3,1,2,1,1,3,22,3,2,1,3,1,2,1,"9","7","1",0.65853247350135
1,4,24,3,0,2032,1,5,4,3,1,4,4,60,3,3,2,3,1,2,1,"7","7","4",0.830715868596948
1,2,21,4,2,2745,4,4,3,3,1,2,3,32,3,2,2,3,1,2,1,"7","6","2",0.877985863992219
1,4,30,2,3,1867,5,5,4,3,1,4,3,58,3,2,1,3,1,2,1,"6","7","3",0.956755098207462
1,4,36,2,3,2299,3,5,4,3,1,4,3,39,3,2,1,3,1,1,1,"5","7","2",0.753021805585904
1,4,24,2,2,929,5,4,4,3,1,2,3,31,2,2,1,3,1,2,1,"7","9","2",0.798099590899296
1,3,12,2,3,3399,5,5,2,3,1,3,3,37,3,2,1,4,1,1,1,"9","6","2",1.00277811542468
1,2,9,2,2,2030,5,4,2,3,1,1,3,24,3,2,1,3,1,2,1,"9","7","1",0.829249490487509
1,4,21,4,1,3275,1,5,1,3,1,4,3,36,3,2,1,4,1,2,1,"7","6","2",1.09309683437657
1,4,24,4,0,1940,4,5,4,3,1,4,1,60,3,2,1,3,1,2,1,"7","7","4",1.08912186389906
1,1,21,4,0,1602,1,5,4,4,1,3,3,30,3,2,2,3,1,2,1,"7","7","2",0.671351574710635
1,4,15,2,3,1979,5,5,4,3,1,2,3,35,3,2,1,3,1,1,1,"8","7","2",0.950523453016406
1,4,24,4,0,2022,1,3,4,2,1,4,3,37,3,2,1,3,1,2,1,"7","7","2",0.868754581852022
1,4,36,4,3,3342,5,5,4,3,1,2,3,51,3,2,1,3,1,2,1,"5","6","3",1.00987182815861
1,2,18,2,0,5866,2,3,2,3,1,2,3,30,3,2,2,3,1,2,1,"8","5","2",0.64887390668523
1,3,15,4,1,2360,3,3,2,3,1,2,3,36,3,2,1,3,1,2,1,"8","7","2",0.961714519372139
1,4,15,4,2,1520,5,5,4,3,1,4,2,63,3,2,1,3,1,1,1,"8","7","4",1.06168267034881
1,1,12,2,0,3651,4,3,1,3,1,3,2,31,3,2,1,3,2,1,1,"9","6","2",0.739474490006473
1,4,24,4,1,2346,1,4,4,3,1,3,3,35,3,2,2,3,1,2,1,"7","7","2",0.898541802895561
1,4,36,3,3,4454,1,3,4,2,1,4,1,34,3,2,2,3,1,1,1,"5","6","2",0.712928509802275
1,1,6,4,0,666,4,4,3,2,1,4,1,39,3,2,2,2,1,2,1,"10","9","2",0.808683444945748
1,2,24,3,0,1965,5,3,4,2,1,4,3,42,3,1,2,3,1,2,1,"7","7","3",0.626781886044654
1,2,12,4,0,1995,2,2,4,3,1,1,3,27,3,2,1,3,1,1,1,"9","7","2",0.74260571315223
1,2,30,2,3,2991,5,5,2,2,1,4,3,25,3,2,1,3,1,1,1,"6","6","1",0.730884036680409
1,2,30,0,9,4221,1,3,2,2,1,1,3,28,3,2,2,3,1,1,1,"6","6","2",0.44915980833809
1,1,9,2,3,1364,1,4,3,3,1,4,1,59,3,2,1,3,1,1,1,"9","8","3",0.604247067935959
1,2,18,4,2,6361,1,5,2,3,1,1,4,41,3,2,1,3,1,2,1,"8","5","3",0.793701903361148
1,4,27,4,2,4526,4,2,4,3,1,2,1,32,2,2,2,2,2,2,1,"6","6","2",0.97241936772191
1,2,12,4,3,3573,1,3,1,2,1,1,1,23,3,2,1,2,1,1,1,"9","6","1",0.856965873122558
0,2,36,3,9,4455,1,3,2,1,1,2,1,30,2,2,2,4,1,2,1,"5","6","2",0.563047574340182
1,1,9,2,2,2136,1,3,3,3,1,2,1,25,3,2,1,3,1,1,1,"9","7","1",0.555965143179926
1,2,42,4,9,5954,1,4,2,2,1,1,1,41,1,2,2,2,1,1,1,"4","5","3",0.729944020047249
1,4,24,4,2,3777,4,3,4,3,1,4,1,40,3,2,1,3,1,2,1,"7","6","3",1.10462360198499
1,1,15,2,9,806,1,3,4,2,1,4,2,22,3,2,1,2,1,1,1,"8","9","1",0.309757643593033
1,2,24,3,9,4712,5,3,4,3,1,2,2,34,1,2,2,4,1,2,1,"7","6","2",0.762178517127746
1,2,36,3,0,7432,1,3,2,2,1,2,2,54,3,1,1,3,1,1,1,"5","5","3",0.460656517315838
1,4,24,4,3,1851,1,4,4,4,3,2,3,33,3,2,2,3,1,2,1,"7","7","2",1.0646270619785
1,4,24,2,0,1393,1,3,2,3,3,2,1,31,3,2,1,3,1,2,1,"7","8","2",1.00334019772769
1,4,12,4,9,1412,1,3,4,2,3,2,1,29,3,2,2,4,1,2,1,"9","8","2",1.07758060262366
1,4,18,2,3,1473,1,2,3,4,1,4,1,39,3,2,1,3,1,2,1,"8","8","2",0.888523853848826
1,4,24,2,3,1533,1,2,4,2,1,3,3,38,2,2,1,3,1,2,1,"7","7","2",0.683966606003791
1,4,12,4,6,2012,5,4,4,2,1,2,3,61,3,2,1,3,1,1,1,"9","7","4",1.03020634971255
0,1,15,2,0,3959,1,3,3,2,1,2,2,29,3,2,1,3,1,2,1,"8","6","2",0.559193947011428
1,1,6,2,2,428,1,5,2,2,1,1,2,49,1,2,1,3,1,2,1,"10","10","3",0.782183360045819
1,2,12,4,0,2366,3,4,3,1,1,3,3,36,3,2,1,4,1,2,1,"9","7","2",0.823214717134859
1,4,12,2,2,763,1,3,4,2,1,1,1,26,3,2,1,3,1,2,1,"9","9","2",0.767841811300537
1,2,21,2,2,3976,5,4,2,3,1,3,3,35,3,2,1,3,1,2,1,"7","6","2",0.859564229339173
1,2,18,2,0,6260,1,4,3,3,1,3,1,28,3,1,1,2,1,1,1,"8","5","2",0.629250083341648
1,2,9,4,2,1919,1,4,4,3,1,3,3,35,3,1,1,3,1,2,1,"9","7","2",0.76252177079008
1,4,24,2,1,2603,4,3,2,2,1,4,3,28,3,1,1,3,1,2,1,"7","6","2",0.889839335679836
1,4,9,4,6,936,3,5,4,3,1,2,3,52,3,2,2,3,1,2,1,"9","9","3",0.947198570320608
1,4,24,2,2,3062,3,5,4,3,1,3,4,32,3,1,1,3,1,2,1,"7","6","2",0.853883052621809
1,2,36,2,3,4795,1,2,4,2,1,1,4,30,3,2,1,4,1,2,1,"5","6","2",0.394506185819101
1,4,36,4,1,5842,1,5,2,3,1,2,2,35,3,2,2,3,2,2,1,"5","5","2",0.859834781589153
1,2,6,2,3,2063,1,2,4,4,1,3,3,30,3,1,1,4,1,2,1,"10","7","2",0.683892540183408
1,4,15,4,3,1459,1,3,4,2,1,2,3,43,3,2,1,2,1,1,1,"8","8","3",0.803751893053595
1,4,15,2,3,1213,3,5,4,3,1,3,2,47,2,2,1,3,1,2,1,"8","8","3",0.875008610342763
1,4,24,4,3,5103,1,2,3,4,1,3,4,47,3,3,3,3,1,2,1,"7","5","3",0.878121672083948
1,4,15,2,4,874,5,2,4,2,1,1,1,24,3,2,1,3,1,1,1,"8","9","1",0.714956557847374
1,4,6,2,2,2978,3,3,1,3,1,2,3,32,3,2,1,3,1,2,1,"10","6","2",1.13427400718242
1,4,18,2,0,1820,1,3,2,4,1,2,2,30,3,2,1,4,1,2,1,"8","7","2",0.921228145438592
1,4,24,4,3,2872,2,5,3,3,1,4,1,36,3,2,1,3,2,2,1,"7","6","2",1.10523675059457
1,3,24,2,2,1925,1,3,2,3,1,2,1,26,3,2,1,3,1,1,1,"7","7","2",0.778744511068176
1,4,18,2,2,2515,1,3,3,3,1,4,1,43,3,2,1,3,1,2,1,"8","6","3",0.916010129671505
1,3,6,2,2,2116,1,3,2,3,1,2,1,41,3,2,1,3,1,2,1,"10","7","3",0.949425873203042
1,4,18,2,3,1453,1,2,3,2,1,1,1,26,3,2,1,3,1,1,1,"8","8","2",0.758213847675913
1,4,10,2,0,1364,1,3,2,2,1,4,3,64,3,2,1,3,1,2,1,"9","8","4",0.795031273056602
1,4,6,2,2,1543,4,3,4,1,1,2,1,33,3,2,1,3,1,1,1,"10","7","2",0.977437316522132
1,2,12,2,0,1318,4,5,4,3,1,4,1,54,3,2,1,3,1,2,1,"9","8","3",0.835814746651409
1,1,24,1,0,2325,2,4,2,3,1,3,3,32,1,2,1,3,1,1,1,"7","7","2",0.430307608711733
1,2,6,4,8,932,5,4,1,2,1,3,2,39,3,2,2,2,1,1,1,"10","9","2",0.955713733766274
1,3,24,4,3,3148,5,3,3,3,1,2,3,31,3,2,2,3,1,2,1,"7","6","2",0.985565974710222
1,4,36,2,3,3835,5,5,2,2,1,4,1,45,3,2,1,2,1,2,1,"5","6","3",0.989201346983039
1,4,9,2,6,3832,5,5,1,3,1,4,1,64,3,2,1,2,1,1,1,"9","6","4",1.18667920005617
1,2,24,2,3,5084,5,5,2,2,1,4,3,42,3,2,1,3,1,2,1,"7","5","3",0.792087256466698
1,4,9,4,2,2406,1,1,2,3,1,3,3,31,3,2,1,4,1,1,1,"9","7","2",0.939478673193429
1,4,36,2,3,2394,5,3,4,2,1,4,3,25,3,2,1,3,1,1,1,"5","7","1",0.659555659524644
1,4,21,2,1,2476,5,5,4,3,1,4,1,46,3,2,1,4,1,2,1,"7","7","3",1.01771532055681
1,1,24,2,1,2964,5,5,4,3,1,4,4,49,1,3,1,3,2,2,1,"7","6","3",0.603424680481097
1,1,12,2,2,1262,5,5,2,1,1,4,2,49,3,2,1,2,1,2,1,"9","8","3",0.741842794927394
1,4,12,2,9,1542,1,4,2,3,1,4,3,36,3,2,1,3,1,2,1,"9","7","2",0.980150349312597
1,2,24,4,3,1743,1,5,4,3,1,2,2,48,3,2,2,2,1,1,1,"7","7","3",0.717698787600305
1,3,12,1,3,409,4,3,3,2,1,3,1,42,3,1,2,3,1,1,1,"9","10","3",0.820980562507276
1,4,12,2,3,2171,1,2,2,2,1,2,3,29,1,2,1,3,1,1,1,"9","7","2",0.736782349673279
1,4,48,4,1,8858,5,4,2,3,1,1,4,35,3,3,2,3,1,2,1,"3","4","2",0.867349005539735
1,2,24,2,0,3512,2,4,2,3,1,3,3,38,1,2,2,3,1,2,1,"7","6","2",0.630758945389108
1,2,12,2,3,1158,3,3,3,1,1,1,3,26,3,2,1,3,1,2,1,"9","8","2",0.655710485887738
1,4,24,4,3,2684,1,3,4,3,1,2,1,35,3,2,2,2,1,1,1,"7","6","2",0.945789156561874
1,1,12,2,3,1498,1,3,4,2,1,1,3,23,1,2,1,3,1,1,1,"9","8","1",0.309643927437295
1,4,30,4,3,5954,1,4,3,3,2,2,3,38,3,2,1,3,1,1,1,"6","5","2",0.979371866506678
0,2,48,1,9,6416,1,5,4,2,1,3,4,59,3,1,1,3,1,1,1,"3","5","3",0.217833890855403
1,2,12,4,2,3617,1,5,1,3,1,4,3,28,3,1,3,3,1,2,1,"9","6","2",0.841322399665397
1,4,12,4,3,1291,1,3,4,2,1,2,2,35,3,2,2,3,1,1,1,"9","8","2",0.865546259116133
1,3,24,4,9,1275,4,3,2,1,1,4,1,36,3,2,2,3,1,2,1,"7","8","2",0.933356378302701
1,4,24,2,2,3972,1,4,2,2,1,4,2,25,3,1,1,3,1,2,1,"7","6","1",0.787748689368969
1,4,15,4,2,3343,1,3,4,3,1,2,4,28,3,3,1,3,1,2,1,"8","6","2",0.983967566981464
1,3,15,2,6,392,1,2,4,2,1,4,2,23,3,1,1,3,1,2,1,"8","10","1",0.682071805793834
1,4,9,4,0,2134,1,3,4,3,1,4,3,48,3,2,3,3,1,2,1,"9","7","3",0.87499658978068
1,4,30,4,3,5771,1,4,4,2,1,2,3,25,3,2,2,3,1,1,1,"6","5","1",0.738472949013079
1,4,24,4,9,4526,1,3,3,3,1,2,1,74,3,2,1,4,1,2,1,"7","6","5",1.07682986367081
1,4,15,4,2,2788,1,4,2,2,2,3,3,24,1,2,2,3,1,1,1,"8","6","1",0.846849329448904
1,4,6,4,3,1382,1,3,1,2,1,1,3,28,3,2,2,3,1,2,1,"10","8","2",1.0501285772853
1,3,36,2,3,5848,1,3,4,3,1,1,3,24,3,2,1,3,1,1,1,"5","5","1",0.45631381814257
0,1,12,2,0,1228,1,3,4,2,1,2,1,24,3,2,1,2,1,1,1,"9","8","1",0.455075701355882
1,3,12,2,3,1297,1,3,3,4,1,4,1,23,3,1,1,3,1,1,1,"9","8","1",0.708933504443857
1,4,24,2,3,1552,1,4,3,3,1,1,3,32,1,2,1,3,2,1,1,"7","7","2",0.684505518016874
1,4,12,2,3,1963,1,4,4,3,1,2,3,31,3,1,2,4,2,2,1,"9","7","2",0.732914698963196
1,4,24,2,3,3235,3,5,3,1,1,2,3,36,3,2,1,4,1,2,1,"7","6","2",0.890879276487995
1,4,24,4,9,4139,2,3,3,3,1,3,2,27,3,2,2,2,1,2,1,"7","6","2",1.04885212013252
1,2,12,4,1,1804,2,2,3,3,1,4,2,44,3,2,1,3,1,1,1,"9","7","3",0.796658642548683
1,4,18,2,9,1950,1,4,4,3,1,1,3,34,2,2,2,3,1,2,1,"8","7","2",0.772090208492445
1,4,48,3,3,12749,3,4,4,3,1,1,3,37,3,2,1,4,1,2,1,"3","3","2",0.532659120894377
1,4,9,2,4,1236,1,2,1,2,1,4,1,23,3,1,1,3,1,2,1,"9","8","1",0.813473354245553
1,4,18,4,0,1055,1,2,4,2,1,1,2,30,3,2,2,3,1,1,1,"8","8","2",0.765641248188269
1,1,30,0,9,8072,5,2,2,3,1,3,3,25,1,2,3,3,1,1,1,"6","4","1",0.216915161527706
1,4,30,4,3,2831,1,3,4,2,1,2,3,33,3,2,1,3,1,2,1,"6","6","2",0.903152345171048
1,4,9,2,9,1449,1,4,3,2,1,2,3,27,3,2,2,3,1,1,1,"9","8","2",0.785558223465692
1,4,36,2,9,5742,2,4,2,3,1,2,3,31,3,2,2,3,1,2,1,"5","5","2",0.776782184806494
1,4,12,2,0,2390,5,5,4,3,1,3,3,50,3,2,1,3,1,2,1,"9","7","3",1.02467854990436
1,4,24,2,3,3430,3,5,3,3,1,2,3,31,3,2,1,3,2,2,1,"7","6","2",0.938460299326049
1,2,36,2,6,2273,1,4,3,3,1,1,3,32,3,2,2,3,2,1,1,"5","7","2",0.415422981223901
1,3,21,2,0,2923,2,3,1,2,1,1,3,28,1,2,1,4,1,2,1,"7","6","2",0.721990264595592
1,4,24,2,3,1901,2,3,4,3,1,4,3,29,3,1,1,4,1,2,1,"7","7","2",0.757074081699372
1,2,36,2,6,3711,5,3,2,4,1,2,3,27,3,2,1,3,1,1,1,"5","6","2",0.721694524101514
1,2,48,2,0,8487,5,4,1,2,1,2,3,24,3,2,1,3,1,1,1,"3","4","1",0.440190459738414
1,4,24,2,0,2255,5,2,4,3,1,1,2,54,3,2,1,3,1,1,1,"7","7","3",0.85557220446677
1,4,12,2,3,1262,1,3,3,3,1,2,3,25,3,2,1,3,1,1,1,"9","8","1",0.751791729416932
1,4,33,4,1,7253,1,4,3,3,1,2,3,35,3,2,2,4,1,2,1,"5","5","2",0.796770087184941
1,4,6,4,0,6761,1,4,1,3,1,3,4,45,3,2,2,4,2,2,1,"10","5","3",1.02308442296164
1,4,18,4,2,1817,1,3,4,2,1,2,4,28,3,2,2,3,1,1,1,"8","7","2",0.762638066524075
1,4,12,2,3,2141,2,4,3,3,1,1,4,35,3,2,1,3,1,1,1,"9","7","2",0.874543227450462
1,4,48,1,9,3609,1,3,1,2,1,1,1,27,2,2,1,3,1,1,1,"3","6","2",0.639909623629518
1,4,30,2,3,2333,3,5,4,3,1,2,3,30,1,2,1,4,1,1,1,"6","7","2",0.77421436388762
1,4,28,1,1,7824,5,2,3,3,3,4,1,40,1,1,2,3,2,2,1,"6","4","3",0.730438130416782
1,3,18,1,3,1445,5,4,4,3,1,4,3,49,1,2,1,2,1,1,1,"8","8","3",0.646697388566401
1,1,24,2,2,7721,5,2,1,2,1,2,2,30,3,2,1,3,1,2,0,"7","4","2",0.727696526952854
1,1,21,2,0,3763,5,4,2,3,2,2,1,24,3,2,1,2,1,1,0,"7","6","1",0.883014325697354
1,2,18,2,9,4439,1,5,1,3,2,1,1,33,1,2,1,4,1,2,1,"8","6","2",0.86289527321168
1,1,12,2,3,1107,1,3,2,3,1,2,1,20,3,1,1,4,2,2,1,"9","8","1",0.495495598513082
1,2,15,2,3,1444,5,2,4,3,1,1,2,23,3,2,1,3,1,1,1,"8","8","1",0.608923507564679
1,2,48,1,0,12169,5,1,4,3,2,4,4,36,3,3,1,4,1,2,1,"3","3","2",0.265626035444906
1,4,9,2,3,2753,2,5,3,3,2,4,3,35,3,2,1,3,1,2,1,"9","6","2",1.08042687210641
1,3,4,2,0,1494,5,2,1,3,1,2,1,29,3,2,1,2,2,1,0,"10","8","2",1.09649807043293
1,1,24,1,2,2828,3,3,4,3,1,4,1,22,2,2,1,3,1,2,1,"7","6","1",0.501175669261812
1,1,24,1,2,2483,3,3,4,3,1,4,1,22,2,2,1,3,1,2,1,"7","7","1",0.467097043867689
1,3,6,4,0,1299,1,3,1,3,1,1,1,74,3,2,3,1,2,1,0,"10","8","5",1.04949332097155
1,2,9,2,0,1549,5,2,4,3,1,2,1,35,3,2,1,1,1,1,1,"9","7","2",0.810176045421243
1,3,10,2,0,3949,1,2,1,3,3,1,2,37,3,2,1,2,2,1,1,"9","6","2",0.929853957596748
1,4,10,2,1,2901,5,2,1,2,1,4,1,31,3,1,1,3,1,1,1,"9","6","2",1.02409793998489
1,3,6,2,0,709,4,2,2,4,1,2,1,27,3,2,1,1,1,1,0,"10","9","2",1.03772064074239
1,1,47,2,0,10722,1,2,1,2,1,1,1,35,3,2,1,2,1,2,1,"3","3","2",0.189195168190474
1,4,10,2,0,1287,5,5,4,3,2,2,2,45,3,2,1,2,1,1,0,"9","8","3",1.1532471572616
1,1,18,1,3,1940,1,2,3,3,2,4,4,36,1,3,1,4,1,2,1,"8","7","2",0.447063612404509
1,3,30,4,3,3656,5,5,4,3,1,4,2,49,2,2,2,2,1,1,1,"6","6","3",0.942939129934834
1,4,24,3,1,4679,1,4,3,3,1,3,3,35,3,2,2,2,1,2,1,"7","6","2",0.912151964253426
1,4,27,3,1,8613,4,3,2,3,1,2,3,27,3,2,2,3,1,1,1,"6","4","2",0.8484175616173
1,1,18,2,2,2659,4,3,4,3,1,2,3,28,3,2,1,3,1,1,1,"8","6","2",0.59680470694592
1,4,24,4,3,1516,4,3,4,2,1,1,1,43,3,2,2,2,1,1,1,"7","7","3",0.953466211506403
1,1,18,2,0,4380,2,3,3,3,1,4,3,35,3,2,1,2,2,2,1,"8","6","2",0.567441037747818
1,4,14,3,0,802,1,3,4,3,1,2,3,27,3,2,2,2,1,1,1,"8","9","2",0.659538800519838
1,4,21,2,9,1572,4,5,4,2,1,4,1,36,1,2,1,2,1,1,1,"7","7","2",0.894467540841416
1,2,48,1,9,3566,2,4,4,3,1,2,3,30,3,2,1,3,1,1,1,"3","6","2",0.416884063067745
1,4,24,2,3,1278,1,5,4,3,1,1,1,36,3,2,1,4,1,2,1,"7","8","2",0.874503986633337
1,4,6,0,3,426,1,5,4,4,1,4,3,39,3,2,1,2,1,1,1,"10","10","2",0.991393213863108
1,4,39,2,1,8588,2,5,4,3,1,2,3,45,3,2,1,4,1,2,1,"4","4","3",0.808181242620066
1,1,30,2,1,3857,1,3,4,1,1,4,2,40,3,2,1,4,1,2,1,"6","6","3",0.437909111379784
0,2,12,2,0,685,1,4,2,4,1,3,3,25,1,2,1,2,1,1,1,"9","9","1",0.497591486837363
1,1,24,2,3,1603,1,5,4,2,1,4,3,55,3,2,1,3,1,1,1,"7","7","3",0.447905205616372
1,4,21,2,2,2241,1,5,4,3,1,2,1,50,3,2,2,3,1,1,1,"7","7","3",0.803410476874284
1,1,24,2,3,2384,1,5,4,3,1,4,1,64,1,1,1,2,1,1,1,"7","7","4",0.406326226963901
1,4,4,2,2,601,1,2,1,2,1,3,1,23,3,1,1,2,2,1,1,"10","9","1",0.711905886354848
1,4,39,2,1,2569,3,3,4,3,1,4,3,24,3,2,1,3,1,1,1,"4","6","1",0.812910061001809
1,4,15,4,3,1316,3,3,2,4,1,2,2,47,3,2,2,2,1,1,1,"8","8","3",1.01393970624172
1,4,60,2,0,10366,1,5,2,3,1,4,2,42,3,2,1,4,1,2,1,"1","3","3",0.553918978605039
1,4,18,2,9,1568,2,3,3,2,1,4,2,24,3,1,1,2,1,1,1,"8","7","1",0.729688795876043
1,4,18,4,3,629,3,5,4,3,1,3,2,32,1,2,2,4,1,2,1,"8","9","2",0.847486036123537
1,4,6,1,3,1750,3,5,2,3,1,4,2,45,1,2,1,2,2,1,1,"10","7","3",0.923851580067392
1,4,24,2,1,3488,2,4,3,2,1,4,3,23,3,2,1,3,1,1,1,"7","6","1",0.76181680599425
1,4,18,4,3,1800,1,3,4,3,1,2,3,24,3,2,2,3,1,1,1,"8","7","1",0.776873260048644
1,4,24,3,2,4151,2,3,2,3,1,3,2,35,3,2,2,3,1,1,1,"7","6","2",0.933296179377419
1,2,15,2,5,2631,2,3,3,2,1,2,1,25,3,2,1,2,1,1,1,"8","6","1",0.644841697533799
1,4,21,2,1,5248,5,3,1,3,1,3,3,26,3,2,1,3,1,1,1,"7","5","2",0.970110487086881
1,2,18,3,0,2899,5,5,4,3,1,4,3,43,3,2,1,3,2,1,1,"8","6","3",0.779153925776494
1,2,18,3,5,6204,1,3,2,3,1,4,1,44,3,2,1,2,2,2,1,"8","5","3",0.757692311133949
1,4,12,2,3,804,1,5,4,3,1,4,3,38,3,2,1,3,1,1,1,"9","9","2",0.755215488382334
1,4,36,2,3,3595,1,5,4,3,1,2,3,28,3,2,1,3,1,1,1,"5","6","2",0.71598057027988
1,4,36,4,1,5711,4,5,4,3,1,2,3,38,3,2,2,4,1,2,1,"5","5","2",0.895947407555703
1,3,15,2,9,2687,1,4,2,3,1,4,2,26,3,1,1,3,1,2,1,"8","6","2",0.834709835519695
1,1,15,3,2,3643,1,5,1,2,1,4,2,27,3,2,2,2,1,1,1,"8","6","2",0.679173842717246
1,4,10,4,2,2146,1,2,1,2,1,3,1,23,3,1,2,3,1,1,1,"9","7","1",0.876151790385795
1,1,10,2,3,2315,1,5,3,3,1,4,1,52,3,2,1,2,1,1,1,"9","7","3",0.673913818789924
1,4,5,2,9,3448,1,4,1,3,1,4,1,74,3,2,1,2,1,1,1,"10","6","5",1.16477641763763
1,4,15,2,2,2708,1,2,2,3,1,3,2,27,1,2,2,2,1,1,1,"8","6","2",0.753255053046683
1,4,11,4,0,1393,1,2,4,2,1,4,3,35,3,2,2,4,1,1,1,"9","8","2",0.78132338743142
1,3,10,2,2,1275,1,2,4,2,1,2,2,23,3,2,1,3,1,1,1,"9","8","1",0.583184901204961
1,4,9,2,2,1313,1,5,1,3,1,4,3,20,3,2,1,3,1,1,1,"9","8","1",0.87316395838333
1,4,12,2,3,1493,1,2,4,2,1,3,3,34,3,2,1,3,2,1,1,"9","8","2",0.670865072037721
1,4,22,2,3,2675,3,5,3,3,1,4,3,40,3,2,1,3,1,1,1,"7","6","3",0.917800644406887
1,2,9,2,3,2118,1,3,2,3,1,2,1,37,3,2,1,2,2,1,1,"9","7","2",0.722172606458751
1,4,36,2,0,909,3,5,4,3,1,4,2,36,3,2,1,3,1,1,1,"5","9","2",0.659213548975254
1,4,12,4,2,1258,1,2,2,2,1,4,2,22,3,1,2,2,1,1,1,"9","8","1",0.789346102710942
1,4,15,1,3,1569,2,5,4,3,1,4,3,34,1,2,1,2,2,1,1,"8","7","2",0.674817408891711
1,4,6,2,1,1236,3,3,2,3,1,4,2,50,3,1,1,3,1,1,1,"10","8","3",0.944522782417449
1,4,36,3,2,7678,3,4,2,2,1,4,3,40,3,2,2,3,1,2,1,"5","4","3",0.723852427338888
1,4,6,2,5,660,3,4,2,4,1,4,1,23,3,1,1,2,1,1,1,"10","9","1",0.94322205470427
1,4,24,2,2,2835,3,5,3,3,1,4,2,53,3,2,1,3,1,1,1,"7","6","3",0.949074672288949
1,4,24,2,1,2670,1,5,4,3,1,4,3,35,3,2,1,4,1,2,1,"7","6","2",0.863621437045439
1,4,12,1,8,3447,3,3,4,2,1,3,1,35,3,2,1,2,2,1,1,"9","6","2",0.868509988174852
1,4,15,2,3,3568,1,5,4,2,1,2,3,54,1,1,1,4,1,2,1,"8","6","3",0.686952647718932
1,2,21,4,9,3652,1,4,2,3,1,3,2,27,3,2,2,3,1,1,1,"7","6","2",0.823562085938448
1,1,24,2,3,3660,1,3,2,2,1,4,3,28,3,2,1,3,1,1,1,"7","6","2",0.512554371624795
1,3,9,2,3,1126,2,5,2,1,1,4,1,49,3,2,1,3,1,1,1,"9","8","3",0.814297482321658
1,3,6,3,3,683,1,2,2,2,1,1,2,29,1,2,1,3,1,1,1,"10","9","2",0.695096722126844
1,3,12,2,2,2251,1,3,1,2,1,2,3,46,3,2,1,2,1,1,1,"9","7","3",0.76225988616808
1,4,12,2,1,4675,5,2,1,2,1,4,3,20,3,1,1,3,1,1,1,"9","6","1",0.888562139106279
1,2,21,3,0,2353,1,3,1,1,1,4,2,47,3,2,2,3,1,1,1,"7","7","3",0.593980018277051
1,1,21,2,3,3357,4,2,4,2,1,2,3,29,1,2,1,3,1,1,1,"7","6","2",0.445006854443754
1,4,6,2,0,672,1,1,1,2,1,4,1,54,3,2,1,1,1,2,1,"10","9","3",0.881359132426905
1,1,6,4,3,338,3,5,4,3,1,4,3,52,3,2,2,3,1,1,1,"10","10","3",0.912715543495364
1,4,9,2,3,2697,1,3,1,3,1,2,1,32,3,2,1,3,2,1,1,"9","6","2",0.973541583260338
1,4,9,2,0,2507,3,5,2,3,1,4,4,51,3,3,1,2,1,1,1,"9","6","3",1.04436634140708
1,4,15,3,3,1478,1,3,4,4,1,3,1,33,1,2,2,3,1,1,1,"8","8","2",0.784072116337993
1,4,12,4,6,3565,5,2,2,3,1,1,2,37,3,2,2,2,2,1,1,"9","6","2",1.12435908774621
1,4,15,2,2,2221,3,3,2,2,1,4,3,20,3,1,1,3,1,1,1,"8","7","1",0.72486595456883
1,4,6,4,3,1898,5,3,1,3,1,2,1,34,3,2,2,2,2,1,1,"10","7","2",1.25075630976594
1,2,6,3,9,1449,2,5,1,1,1,2,3,31,1,2,2,3,2,1,1,"10","8","2",0.699074189609837
1,4,15,3,2,960,4,4,3,2,1,2,2,30,3,2,2,3,1,1,1,"8","9","2",0.816413333911661
1,4,36,2,1,8133,1,3,1,2,1,2,2,30,1,2,1,3,1,1,1,"5","4","2",0.565949870390987
1,4,9,2,2,2301,2,2,2,2,1,4,2,22,3,1,1,3,1,1,1,"9","7","1",0.756013386382924
1,4,6,3,9,1743,2,3,1,3,1,2,1,34,3,2,2,2,1,1,1,"10","7","2",1.14958035258561
1,2,12,2,2,983,4,2,1,2,1,4,1,19,3,1,1,2,1,1,1,"9","9","1",0.592379501375492
1,4,18,3,3,2320,1,1,2,4,1,3,1,34,3,2,2,3,1,1,1,"8","7","2",0.898967239601632
1,1,12,1,8,339,1,5,4,4,1,1,3,45,1,2,1,2,1,1,1,"9","10","3",0.610333233250756
1,3,24,2,3,5152,1,4,4,3,1,2,3,25,1,2,1,3,1,1,1,"7","5","1",0.528922969362228
1,3,24,2,2,3749,1,2,2,2,1,4,3,26,3,2,1,3,1,1,1,"7","6","2",0.675288381536411
1,4,9,4,3,3074,5,3,1,3,1,2,1,33,3,2,2,3,2,1,1,"9","6","2",1.19959832839839
0,3,9,2,3,745,1,3,3,2,1,2,1,28,3,2,1,2,1,1,1,"9","9","2",0.672982562524905
1,4,24,2,0,1469,2,5,4,4,1,4,1,41,3,1,1,2,1,1,1,"7","8","3",0.837879112248142
1,1,6,2,2,1374,1,3,1,3,1,2,1,36,1,2,1,2,1,2,1,"10","8","2",0.714433646461827
1,4,6,1,0,783,5,3,1,3,3,2,1,26,2,2,1,2,2,1,1,"10","9","2",1.05101383059684
1,1,21,2,3,2606,1,2,4,2,1,4,2,28,3,1,1,4,1,2,1,"7","6","2",0.430016461837715
1,4,54,0,1,9436,5,3,2,3,1,2,2,39,3,2,1,2,2,1,1,"2","4","2",0.702033802071657
1,4,12,4,3,930,5,5,4,3,1,4,1,65,3,2,4,3,1,1,1,"9","9","5",0.975140417322112
1,4,48,4,1,2751,5,5,4,3,1,3,3,38,3,2,2,3,2,2,1,"3","6","2",0.868333033424591
1,4,6,4,0,250,4,3,2,2,1,2,1,41,1,2,2,2,1,1,1,"10","10","3",1.20212059383645
1,2,24,2,0,1201,1,2,4,3,1,1,2,26,3,2,1,3,1,1,1,"7","8","2",0.512357875196824
1,1,6,2,0,662,1,2,3,3,1,4,1,41,3,2,1,2,2,2,1,"10","9","3",0.535628004650395
1,4,15,2,1,1300,5,5,4,3,1,4,4,45,1,3,1,3,2,1,1,"8","8","3",0.796864574800638
1,4,24,1,9,1559,1,4,4,3,1,4,3,40,1,2,1,3,1,2,1,"7","7","3",0.682284093272819
1,3,12,2,3,3016,1,3,3,4,1,1,3,24,3,2,1,3,1,1,1,"9","6","1",0.758445327309743
1,4,15,4,3,1360,1,3,4,3,1,2,2,31,3,2,2,3,1,1,1,"8","8","2",0.847054902694577
1,4,6,0,0,1204,2,3,4,3,1,1,4,35,1,1,1,3,1,1,0,"10","8","2",0.683643822531728
1,4,10,2,0,1597,3,3,3,3,1,2,4,40,3,1,1,2,2,1,0,"9","7","3",0.858378743811314
1,4,12,2,3,2073,2,3,4,2,2,2,1,28,3,2,1,3,1,1,1,"9","7","2",0.937621150487723
1,4,11,2,9,2142,4,5,1,1,1,2,1,28,3,2,1,3,1,2,1,"9","7","2",1.13306300530926
1,1,10,4,2,2132,5,2,2,2,2,3,1,27,3,1,2,3,1,1,0,"9","7","2",0.914475469114895
1,4,10,2,0,1546,1,3,3,3,1,2,1,31,3,2,1,2,2,1,0,"9","7","2",0.97302660484975
1,4,24,4,0,1287,4,5,4,2,1,4,1,37,3,2,2,3,1,2,1,"7","8","2",1.02733867022448
1,4,10,2,0,1418,2,3,3,3,1,2,1,35,3,1,1,2,1,1,0,"9","8","2",0.964236694679775
1,3,6,4,0,1343,1,5,1,3,1,4,1,46,3,2,2,3,2,1,0,"10","8","3",1.10024223046546
1,4,18,2,0,2662,5,4,4,3,1,3,2,32,3,2,1,3,1,1,0,"8","6","2",1.08134481381915
1,4,18,4,3,6070,1,5,3,3,1,4,3,33,3,2,2,3,1,2,1,"8","5","2",0.975412439259913
1,4,24,4,6,1927,5,3,3,2,1,2,3,33,3,2,2,3,1,2,1,"7","7","2",1.01976360174158
1,4,18,4,3,2404,1,3,2,2,1,2,3,26,3,2,2,3,1,1,1,"8","7","2",0.868174870026074
1,4,6,4,3,1554,1,4,1,2,1,2,3,24,3,1,2,3,1,2,1,"10","7","1",0.98635762804093
1,4,22,2,0,1283,5,4,4,2,1,4,2,25,3,1,1,3,1,1,1,"7","8","1",0.741545481949639
1,4,24,3,0,717,5,5,4,4,1,4,3,54,3,2,2,3,1,2,1,"7","9","3",0.900446821262944
1,1,24,2,2,1747,1,2,4,3,2,1,2,24,3,2,1,2,1,1,0,"7","7","1",0.558394590708425
1,1,9,4,5,1288,2,5,3,3,3,4,1,48,3,2,2,3,2,1,0,"9","8","3",0.936840436379775
1,1,10,4,0,1038,1,4,4,3,2,3,2,49,3,2,2,3,1,2,1,"9","8","3",0.716493726582038
1,4,10,2,1,2848,2,3,1,3,2,2,1,32,3,2,1,3,2,1,1,"9","6","2",1.05991516675582
1,4,12,2,1,1413,4,4,3,3,1,2,2,55,3,2,1,3,1,1,0,"9","8","3",1.05695823861621
1,4,30,4,3,3077,5,5,3,3,1,2,3,40,3,2,2,3,2,2,1,"6","6","3",1.06495267251536
1,1,24,1,1,3632,1,3,1,2,3,4,3,22,1,1,1,3,1,1,0,"7","6","1",0.494596233995948
1,4,18,4,1,3229,5,1,2,3,1,4,4,38,3,2,1,4,1,2,1,"8","6","2",1.06148140872319
1,4,9,2,0,3577,2,3,1,3,3,2,1,26,3,1,1,3,2,1,0,"9","6","2",1.15810528752084
1,4,12,4,0,682,2,4,4,2,1,3,3,51,3,2,2,3,1,2,1,"9","9","3",0.821371804200069
1,4,10,2,3,1924,1,3,1,3,1,4,2,38,3,2,1,3,1,2,0,"9","7","2",1.0978753621917
1,4,10,2,6,727,3,5,4,3,1,4,4,46,3,3,1,3,1,2,1,"9","9","3",0.884517683621207
1,3,10,4,0,781,1,5,4,3,1,4,4,63,3,3,2,3,1,2,1,"9","9","4",0.751408907284387
1,1,12,4,0,2121,1,3,4,3,1,2,2,30,3,2,2,3,1,1,1,"9","7","2",0.63256025465459
1,4,12,4,6,701,1,3,4,3,1,2,3,32,3,2,2,3,1,1,1,"9","9","2",0.795398953696786
1,4,10,4,2,2069,5,3,2,4,1,1,3,26,3,2,2,3,1,1,0,"9","7","2",1.24340297375749
1,4,24,2,0,1525,4,4,4,2,1,3,3,34,3,2,1,3,2,2,1,"7","7","2",0.826085569848688
1,4,48,4,9,7629,5,5,4,1,1,2,3,46,1,2,2,4,2,1,1,"3","4","3",0.55863258370325
0,1,12,4,0,3499,1,3,3,2,2,2,1,29,3,2,2,3,1,1,1,"9","6","2",0.753698216773
1,4,6,2,3,1346,2,5,2,3,1,4,4,42,1,3,1,3,2,2,1,"10","8","3",0.946825904093386
1,4,36,4,1,10477,5,5,2,3,1,4,4,42,3,3,2,3,1,1,1,"5","3","3",0.749839953810354
1,1,24,2,1,2924,1,3,3,3,3,4,4,63,1,2,1,3,2,2,1,"7","6","4",0.471203190418401
1,4,10,4,0,1231,1,5,3,3,1,4,1,32,3,2,2,2,2,1,0,"9","8","2",1.08862898311521
1,3,18,2,0,1961,1,5,3,2,1,2,3,23,3,2,1,4,1,1,1,"8","7","1",0.619118652180044
1,4,15,4,0,5045,5,5,1,2,1,4,3,59,3,2,1,3,1,2,1,"8","5","3",1.15013907250454
1,4,12,4,0,1255,1,5,4,3,1,4,1,61,3,2,2,2,1,1,1,"9","8","4",0.948015304760958
1,1,12,2,2,1858,1,2,4,2,1,1,3,22,3,1,1,3,1,1,1,"9","7","1",0.324543966869706
1,4,6,4,2,1221,5,3,1,4,1,2,2,27,3,2,2,3,1,1,1,"10","8","2",1.2560074169879
1,4,9,2,2,1388,1,3,4,2,1,2,1,26,3,1,1,3,1,1,1,"9","8","2",0.751559221803112
1,4,12,2,3,2279,5,3,4,3,1,4,4,37,3,3,1,3,1,2,1,"9","7","2",1.02382954389032
1,4,12,0,2,2759,1,5,2,3,1,4,2,34,3,2,2,3,1,1,1,"9","6","2",0.832843311107874
1,3,24,2,3,1258,3,3,3,2,1,3,3,57,3,2,1,2,1,1,1,"7","8","3",0.668598492961419
1,2,12,0,8,1410,1,3,2,3,1,2,1,31,3,2,1,2,1,2,1,"9","8","2",0.672584257290755
1,1,15,2,0,1403,1,3,2,2,1,4,3,28,3,1,1,3,1,1,1,"8","8","2",0.390476781285864
1,1,24,2,2,3021,1,3,2,1,1,2,1,24,3,1,1,2,1,1,1,"7","6","1",0.42419076707175
1,1,24,2,9,6568,1,3,2,4,1,2,3,21,2,2,1,2,1,1,1,"7","5","1",0.484161817864293
1,4,24,4,3,2578,4,5,2,3,1,2,3,34,3,2,1,3,1,1,1,"7","6","2",1.13438578522026
1,2,24,4,1,7758,4,5,2,2,1,4,4,29,3,1,1,3,1,1,1,"7","4","2",0.694708389414855
1,1,6,2,4,343,1,2,4,2,1,1,1,27,3,2,1,3,1,1,1,"10","10","2",0.722305203603887
1,4,21,3,2,1591,2,4,4,3,1,3,1,34,3,2,2,4,1,1,1,"7","7","2",0.885113862387826
1,1,27,2,3,3416,1,3,3,3,1,2,3,27,3,2,1,4,1,1,1,"6","6","2",0.497779977098842
0,1,12,0,5,1108,1,4,4,3,1,3,1,28,3,2,2,3,1,1,1,"9","8","2",0.426696496437256
1,2,27,3,1,5965,1,5,1,3,1,2,3,30,3,2,2,4,1,2,1,"6","5","2",0.740833366597004
1,2,15,2,5,1514,2,3,4,3,3,2,1,22,3,2,1,3,1,1,1,"8","7","1",0.725775032506435
1,4,30,4,3,6742,5,4,2,3,1,3,2,36,3,2,2,3,1,1,1,"6","5","2",1.08583896952925
1,1,18,2,2,3650,1,2,1,2,1,4,3,22,3,1,1,3,1,1,1,"8","6","1",0.402003443859733
1,1,21,2,2,3599,1,4,1,2,1,4,3,26,3,1,1,2,1,1,1,"7","6","2",0.523484199251771
1,4,60,4,0,13756,5,5,2,3,1,4,4,63,1,3,1,4,1,2,1,"1","3","4",0.704545583085733
1,2,9,2,0,276,1,3,4,4,1,4,1,22,3,1,1,2,1,1,1,"9","10","1",0.730299535635755
1,4,42,4,2,4041,3,3,4,3,1,4,1,36,3,2,2,3,1,2,1,"4","6","2",1.08592435137747
1,2,9,2,3,458,1,3,4,3,1,3,1,24,3,2,1,3,1,1,1,"9","10","1",0.747199186262548
0,2,9,2,2,918,1,3,4,2,1,1,2,30,3,2,1,3,1,1,1,"9","9","2",0.491412364347836
1,4,24,2,0,7393,1,3,1,3,1,4,2,43,3,2,1,2,2,1,1,"7","5","3",0.808953695123954
1,3,10,2,4,1225,1,3,2,3,1,2,3,37,3,2,1,3,1,2,1,"9","8","2",0.803151406603753
1,1,24,2,1,2812,5,5,2,2,1,4,1,26,3,1,1,3,1,1,1,"7","6","2",0.712729715673292
1,4,15,2,1,3029,1,4,2,3,1,2,3,33,3,2,1,3,1,1,1,"8","6","2",0.876405086773926
1,3,12,4,0,1480,3,1,2,3,1,4,4,66,1,3,3,1,1,1,1,"9","8","5",0.779027239139391
1,3,6,4,6,1047,1,3,2,2,1,4,2,50,3,2,1,2,1,1,1,"10","8","3",0.954587675050971
1,4,15,4,3,1471,1,3,4,3,1,4,4,35,3,3,2,3,1,2,1,"8","8","2",0.882938409305819
1,4,24,2,2,5511,2,3,4,3,1,1,3,25,2,2,1,3,1,1,1,"7","5","1",0.665416002090602
1,2,9,2,3,1206,1,5,4,2,1,4,1,25,3,2,1,3,1,1,1,"9","8","1",0.611599433247817
1,2,24,3,3,6403,1,2,1,3,1,2,3,33,3,2,1,3,1,1,1,"7","5","2",0.679502770956985
1,4,12,2,3,707,1,3,4,3,1,2,1,30,1,2,2,3,1,1,1,"9","9","2",0.649741710859959
1,4,12,3,1,1503,1,3,4,4,1,4,1,41,3,1,1,3,1,1,1,"9","7","3",0.905066006146284
1,2,12,2,0,6078,1,4,2,3,1,2,3,32,3,2,1,3,1,1,1,"9","5","2",0.697641765819367
1,2,27,2,9,2528,1,2,4,2,1,1,2,32,3,2,1,3,2,2,1,"6","6","2",0.562623273681249
1,2,12,2,9,1037,2,4,3,3,1,4,1,39,3,2,1,2,1,1,1,"9","8","2",0.791113445710488
1,1,6,2,1,1352,3,1,1,2,1,2,2,23,3,1,1,1,1,2,1,"10","8","1",0.609920036255831
1,4,24,2,3,3181,1,2,4,2,1,4,2,26,3,2,1,3,1,2,1,"7","6","2",0.791430231208453
1,4,18,2,3,4594,1,2,3,3,1,2,3,32,3,2,1,3,1,2,1,"8","6","2",0.840267729763043
1,2,48,2,10,5381,5,1,3,3,1,4,4,40,1,3,1,1,1,2,1,"3","5","3",0.495813907148582
1,4,15,2,1,4657,1,3,3,3,1,2,3,30,3,2,1,3,1,2,1,"8","6","2",0.861043465629396
1,2,9,2,9,1391,1,3,2,4,1,1,1,27,1,2,1,3,1,2,1,"9","8","2",0.759910649642333
1,2,18,2,9,1913,4,2,3,4,1,3,1,36,1,2,1,3,1,2,1,"8","7","2",0.775094274761858
1,4,42,2,3,7166,5,4,2,4,1,4,2,29,3,1,1,3,1,2,1,"4","5","2",1.07534488803574
1,4,13,2,3,1409,2,1,2,2,1,4,1,64,3,2,1,3,1,1,1,"8","8","4",0.749013180605668
1,4,24,3,9,2978,5,3,4,3,1,4,1,32,3,2,2,3,2,2,1,"7","6","2",1.03506777749056
1,4,12,4,3,976,5,5,4,3,1,4,3,35,3,2,2,3,1,1,1,"9","9","2",0.981272233520382
1,4,24,3,9,2375,3,3,4,3,1,2,3,44,3,2,2,3,2,2,1,"7","7","3",0.838901725687693
1,4,12,4,3,522,3,5,4,3,1,4,2,42,3,2,2,3,2,2,1,"9","9","3",0.92782310141655
1,4,28,4,3,2743,1,5,4,3,1,2,3,29,3,2,2,3,1,1,1,"6","6","2",0.912038773279937
1,4,11,4,3,1154,2,1,4,2,1,4,1,57,3,2,3,2,1,1,1,"9","8","3",0.82820060803769
1,4,24,4,1,5804,4,3,4,3,1,2,1,27,3,2,2,3,1,1,1,"7","5","2",0.992097538492816
1,4,18,4,3,1169,5,3,4,3,1,3,2,29,3,2,2,3,1,2,1,"8","8","2",1.03305323958647
1,1,15,4,2,1478,1,5,4,3,1,4,3,44,3,2,2,3,2,2,1,"8","8","3",0.555094309059907
1,4,12,2,3,776,1,3,4,4,1,2,1,28,3,2,1,3,1,1,1,"9","9","2",0.807502830796111
1,2,11,4,0,1322,4,3,4,2,1,4,3,40,3,2,2,3,1,1,1,"9","8","3",0.709053622070184
1,2,16,4,0,1175,1,1,2,3,1,3,3,68,3,3,3,1,1,2,1,"8","8","5",0.70843482429217
1,4,12,2,0,2133,5,5,4,2,1,4,4,52,3,3,1,4,1,2,1,"9","7","3",0.996761983501969
1,4,15,4,3,1829,1,5,4,3,1,4,3,46,3,2,2,3,1,2,1,"8","7","3",0.926376587705609
1,4,12,4,3,717,1,5,4,3,1,4,1,52,3,2,3,3,1,1,1,"9","9","3",0.849668671774761
1,2,39,3,6,11760,2,4,2,3,1,3,4,32,3,1,1,3,1,2,1,"4","3","2",0.524928046828774
0,2,9,4,6,1501,1,5,2,2,1,3,3,34,3,2,2,4,1,2,1,"9","7","2",0.836900523089289
1,1,12,2,6,1200,5,3,4,2,1,4,2,23,1,1,1,3,1,2,1,"9","8","1",0.48596622974736
1,2,9,2,0,3195,5,3,1,2,1,2,1,33,3,2,1,2,1,1,1,"9","6","2",0.920944911326336
1,4,30,4,3,4530,1,4,4,2,1,4,3,26,3,1,1,4,1,2,1,"6","6","2",0.864347099784335
0,4,12,3,5,1555,4,5,4,3,1,4,4,55,3,3,2,3,2,1,1,"9","7","3",0.964240160131396
1,2,15,4,9,2326,3,3,2,3,1,4,3,27,1,2,1,3,1,1,1,"8","7","2",0.775318351158883
1,2,18,4,9,1887,5,3,4,4,1,4,1,28,1,2,2,3,1,1,1,"8","7","2",0.846686037601788
1,4,12,4,9,1264,5,5,4,3,1,4,4,57,3,1,1,2,1,1,1,"9","8","3",1.03077217639649
1,4,7,3,3,846,5,5,3,3,1,4,4,36,3,3,1,3,1,1,1,"9","9","2",1.01493542119607
1,4,15,4,6,1532,2,3,4,2,1,3,3,31,3,2,1,3,1,1,1,"8","7","2",0.890820613213927
1,4,6,3,3,935,1,3,3,2,1,2,1,24,3,2,1,3,1,1,1,"10","9","1",0.833145383802921
1,1,27,4,9,2442,1,5,4,3,1,4,3,43,2,2,4,4,2,2,1,"6","7","3",0.458092597085185
1,2,18,4,9,3590,1,1,3,4,1,3,3,40,3,2,3,1,2,2,1,"8","6","3",0.682839414500229
1,4,21,4,2,2288,1,2,4,2,1,4,2,23,3,2,1,3,1,2,1,"7","7","1",0.817725231209775
1,4,27,3,9,5117,1,4,3,3,1,4,3,26,3,2,2,3,1,1,1,"6","5","2",0.837688237825048
1,1,39,4,2,14179,5,4,4,3,1,4,2,30,3,2,2,4,1,2,1,"4","3","2",0.590169792975737
1,4,15,2,3,1386,5,3,4,4,1,2,1,40,3,1,1,3,1,2,1,"8","8","3",0.941906595203001
1,4,12,4,3,618,1,5,4,3,1,4,1,56,3,2,1,3,1,1,1,"9","9","3",0.93416550716844
1,4,12,2,2,1574,1,3,4,3,1,2,1,50,3,2,1,3,1,1,1,"9","7","3",0.859676797043886
1,4,6,4,3,700,5,5,4,3,1,4,4,36,3,3,2,3,1,1,1,"10","9","2",1.07839207429716
1,4,12,2,3,886,5,3,4,2,1,2,3,21,3,2,1,3,1,1,1,"9","9","1",0.729393308098062
1,4,36,2,1,4686,1,3,2,3,1,2,4,32,3,3,1,4,1,2,1,"5","6","2",0.776380371648784
1,2,9,2,3,790,3,3,4,2,1,3,1,66,3,2,1,2,1,1,1,"9","9","5",0.620614066846155
0,2,12,2,3,766,3,3,4,3,1,3,1,66,3,2,1,2,1,1,1,"9","9","5",0.661282840994443
1,1,20,2,2,2212,5,4,4,3,1,4,3,39,3,2,1,3,1,2,1,"7","7","2",0.662246946243005
1,2,10,2,0,7308,1,1,2,3,1,4,4,70,1,3,1,4,1,2,1,"9","5","5",0.605714038503821
1,2,24,4,6,5743,1,2,2,2,1,4,4,24,3,3,2,3,1,2,1,"7","5","1",0.645134887924813
1,1,14,2,0,3973,1,1,1,3,1,4,4,22,3,3,1,3,1,1,1,"8","6","1",0.48745857656707
1,2,60,3,3,7418,5,3,1,3,1,1,1,27,3,2,1,2,1,1,1,"1","5","2",0.795185241369608
1,2,20,3,10,2629,1,3,2,3,1,3,3,29,1,2,2,3,1,2,1,"7","6","2",0.67062319429975
1,2,18,2,9,1941,4,3,4,3,1,2,2,35,3,2,1,2,1,2,1,"8","7","2",0.779401693937302
1,2,24,3,2,2333,5,2,4,3,1,2,2,29,1,2,1,2,1,1,1,"7","7","2",0.690808430480214
1,4,12,2,1,2445,5,2,2,4,1,4,3,26,3,1,1,3,1,2,1,"9","7","2",1.01422292184504
1,2,20,2,1,6468,5,1,1,1,1,4,1,60,3,2,1,4,1,2,1,"7","5","4",0.692009171843822
1,2,18,4,2,7374,1,1,4,3,1,4,2,40,2,2,2,4,1,2,1,"8","5","3",0.595549792396414
1,4,15,2,1,3812,2,2,1,2,1,4,3,23,3,2,1,3,1,2,1,"8","6","1",0.829662821896721
0,1,28,2,0,4006,1,3,3,3,1,2,3,45,3,2,1,2,1,1,1,"6","6","3",0.487522133971845
1,2,12,2,0,7472,5,1,1,2,1,2,1,24,3,1,1,1,1,1,1,"9","5","1",0.712654760987718
1,3,12,2,2,1424,5,5,3,2,1,4,1,55,3,2,1,4,1,2,1,"9","8","3",0.957282424716971
1,2,12,2,1,2028,5,3,4,3,1,2,3,30,3,2,1,3,1,1,1,"9","7","2",0.750242058705997
1,4,15,2,0,5324,3,5,1,2,1,4,4,35,3,3,1,3,1,1,1,"8","5","2",0.948503812364305
1,2,36,2,3,2323,1,4,4,3,1,4,3,24,3,1,1,3,1,1,1,"5","7","1",0.336938416597835
1,4,12,2,6,1393,1,5,4,3,1,4,2,47,1,2,3,3,2,2,1,"9","8","3",0.710449728478817
1,4,18,2,2,1984,1,3,4,3,1,4,4,47,1,3,2,3,1,1,1,"8","7","3",0.637848228579215
1,4,24,2,3,999,5,5,4,3,1,2,3,25,3,2,2,3,1,1,1,"7","9","1",0.713795762076748
1,4,36,2,9,7409,5,5,3,3,1,2,2,37,3,2,2,3,1,1,1,"5","5","2",0.864688030527526
1,4,15,2,2,2186,5,4,1,2,1,4,1,33,1,1,1,2,1,1,1,"8","7","2",0.927657748908303
1,3,36,2,3,4473,1,5,4,3,1,2,3,31,3,2,1,3,1,1,1,"5","6","2",0.618495646162633
1,4,24,2,8,937,1,2,4,4,1,3,3,27,3,2,2,2,1,1,1,"7","9","2",0.626760969022413
1,4,18,2,2,3422,1,5,4,3,1,4,2,47,1,2,3,3,2,2,1,"8","6","3",0.700348182892831
1,4,24,2,3,3105,5,2,4,3,1,2,3,25,3,2,2,3,1,1,1,"7","6","1",0.78006919114712
1,4,12,4,6,2748,1,5,2,2,1,4,4,57,1,3,3,2,1,1,1,"9","6","3",0.927436431806328
1,2,18,2,5,3872,1,1,2,2,1,4,3,67,3,2,1,3,1,2,1,"8","6","5",0.627079567760213
1,4,27,2,5,5190,5,5,4,3,1,4,2,48,3,2,4,3,2,2,1,"6","5","3",0.822941655768573
1,2,18,2,2,3001,1,4,2,2,1,4,1,40,3,1,1,3,1,1,1,"8","6","3",0.63776498189908
1,4,24,3,9,3863,1,3,1,3,1,2,4,32,3,3,1,3,1,1,1,"7","6","2",0.987816281912902
1,4,12,4,2,5801,5,5,2,3,1,4,2,49,3,1,1,3,1,2,0,"9","5","3",1.30207821364012
1,4,12,4,2,1592,4,4,3,2,1,2,2,35,3,2,1,3,1,1,1,"9","7","2",1.10003476654558
1,4,12,4,9,1185,1,3,3,2,1,2,1,27,3,2,2,3,1,1,1,"9","8","2",0.956871879721216
1,4,18,4,2,3780,1,2,3,1,1,2,3,35,3,2,2,4,1,2,1,"8","6","2",0.831412215490379
1,2,18,4,2,3612,1,5,3,2,1,4,2,37,3,2,1,3,1,2,0,"8","6","2",0.953085437864588
1,4,12,2,9,1076,1,3,2,4,1,2,1,26,3,2,1,3,1,2,1,"9","8","2",1.03059339969864
1,4,12,2,0,3527,5,2,2,3,1,3,2,45,3,2,1,4,2,2,1,"9","6","3",1.01948830570802
1,4,18,2,3,2051,1,2,4,3,1,1,1,33,3,2,1,3,1,1,1,"8","7","2",0.795831364364845
1,4,12,4,2,3331,1,5,2,3,1,4,2,42,2,2,1,3,1,1,1,"9","6","3",1.07597299583459
1,1,18,0,9,3104,1,4,3,3,1,1,2,31,1,2,1,3,1,2,1,"8","6","2",0.457404594520432
1,4,24,4,3,2611,1,5,4,4,2,3,1,46,3,2,2,3,1,1,1,"7","6","3",1.07171091583796
1,1,12,4,1,1409,1,5,4,3,1,3,1,54,3,2,1,3,1,1,1,"9","8","3",0.720383812771482
1,4,24,2,3,1311,2,4,4,4,1,3,2,26,3,2,1,3,1,2,1,"7","8","2",0.899082649142372
1,4,6,2,3,2108,1,4,2,4,1,2,1,29,3,1,1,3,1,1,1,"10","7","2",1.03626116821344
1,4,24,4,1,4042,5,4,3,3,1,4,2,43,3,2,2,3,1,2,1,"7","6","3",1.11987920254952
1,4,12,4,0,926,1,1,1,2,1,2,2,38,3,2,1,1,1,1,1,"9","9","2",0.874236607968145
1,1,12,2,3,1680,3,5,3,4,1,1,1,35,3,2,1,3,1,1,1,"9","7","2",0.791146176139708
1,4,24,2,0,1249,1,2,4,4,1,2,1,28,3,2,1,3,1,1,1,"7","8","2",0.783959533344635
1,4,24,4,0,2463,2,4,4,4,1,3,2,27,3,2,2,3,1,2,1,"7","7","2",1.0051755615452
1,4,6,2,3,1595,1,4,3,3,1,2,2,51,3,2,1,3,2,1,1,"10","7","3",0.919628307323823
1,4,24,4,5,2058,1,3,4,1,1,2,1,33,3,2,2,3,1,2,1,"7","7","2",0.873387737374667
1,4,24,2,1,7814,1,4,3,3,1,3,3,38,3,2,1,4,1,2,1,"7","4","2",0.762573568790299
1,4,6,4,3,1740,1,5,2,4,1,2,1,30,3,1,2,3,1,1,1,"10","7","2",1.15196989104506
1,4,12,4,3,1240,5,5,4,2,1,2,1,38,3,2,2,3,1,2,1,"9","8","2",1.14260129265288
1,4,24,4,1,6842,5,3,2,3,1,4,2,46,3,2,2,4,2,2,1,"7","5","3",1.0299029564707
1,4,24,4,2,5150,1,5,4,3,1,4,3,33,3,2,1,3,1,2,1,"7","5","2",0.968840088902459
1,1,6,2,0,1203,2,5,3,3,1,2,2,43,3,2,1,3,1,2,1,"10","8","3",0.73967300973442
1,4,6,4,0,2080,3,3,1,4,1,2,3,24,3,2,1,3,1,1,1,"10","7","1",1.15105221049589
1,4,6,2,6,1538,1,2,1,2,1,2,4,56,3,2,1,3,1,1,1,"10","7","3",0.874769986481112
1,2,24,4,0,3878,2,2,4,1,1,2,3,37,3,2,1,3,1,2,1,"7","6","2",0.671731789850363
1,2,30,2,2,3832,1,2,2,4,1,1,2,22,3,2,1,3,1,1,1,"6","6","1",0.616877452677433
1,4,15,2,0,3186,4,4,2,2,1,3,3,20,3,1,1,3,1,1,1,"8","6","1",0.8135422987178
1,2,24,2,3,2896,2,2,2,3,1,1,3,29,3,2,1,3,1,1,1,"7","6","2",0.654376301146543
1,2,24,3,9,6967,2,4,4,3,1,4,3,36,3,1,1,4,1,2,1,"7","5","2",0.673155966983899
0,4,36,2,6,1819,1,3,4,3,1,4,4,37,2,3,1,3,1,2,1,"5","7","2",0.670086043600844
0,4,24,2,3,5943,5,2,1,2,1,1,3,44,3,2,2,3,1,2,1,"7","5","3",0.890265706957667
0,4,36,4,2,7127,1,2,2,2,1,4,2,23,3,1,2,3,1,2,1,"5","5","1",0.660908129141553
0,4,36,2,2,3349,1,3,4,2,1,2,3,28,3,2,1,4,1,2,1,"5","6","2",0.650034839837151
0,4,36,2,2,10974,1,1,4,2,1,2,3,26,3,2,2,4,1,2,1,"5","3","2",0.295942222858703
1,4,6,2,3,518,1,3,3,2,1,1,1,29,3,2,1,3,1,1,1,"10","9","2",0.832853418703387
1,4,18,2,3,1126,5,2,4,2,1,2,1,21,3,1,1,3,1,2,1,"8","8","1",0.78758500756571
1,2,12,4,1,1860,1,1,4,3,1,2,3,34,3,2,2,4,1,2,1,"9","7","2",0.67731422874751
1,4,36,4,3,9566,1,3,2,2,1,2,3,31,2,2,2,3,1,1,1,"5","4","2",0.629899405709731
1,1,12,2,3,701,1,3,4,4,1,2,1,40,3,2,1,2,1,1,1,"9","9","3",0.505259467289072
1,2,12,2,3,2930,1,4,2,2,1,1,1,27,3,2,1,3,1,1,1,"9","6","2",0.776885813603023
1,4,18,2,3,1505,1,3,4,3,1,2,4,32,3,3,1,4,1,2,1,"8","7","2",0.813176788896939
1,4,18,4,3,2238,1,3,2,2,1,1,3,25,3,2,2,3,1,1,1,"8","7","1",0.801958219485153
1,4,4,4,3,1503,1,4,2,3,1,1,1,42,3,2,2,2,2,1,1,"10","7","3",1.0854485184308
1,4,24,4,1,2197,5,4,4,3,1,4,3,43,3,2,2,3,2,2,1,"7","7","3",0.972647785520016
1,3,12,2,3,1881,1,3,2,2,1,2,3,44,3,1,1,2,1,2,1,"9","7","3",0.721165956812259
1,1,18,4,3,1880,1,4,4,4,1,1,2,32,3,2,2,4,1,2,1,"8","7","2",0.688450517328616
1,1,18,2,3,2389,1,2,4,2,1,1,3,27,2,2,1,3,1,1,1,"8","7","2",0.355097729750827
1,2,24,2,3,1967,1,5,4,2,1,4,3,20,3,2,1,3,1,2,1,"7","7","1",0.547187431247576
1,4,4,4,0,3380,1,4,1,2,1,1,1,37,3,2,1,3,2,1,1,"10","6","2",1.15274662973004
1,4,4,4,0,1455,1,4,2,3,1,1,1,42,3,2,3,2,2,1,1,"10","8","3",1.001479902079
1,4,7,4,3,730,5,5,4,3,1,2,2,46,3,1,2,2,1,2,1,"9","9","3",0.993237147087541
1,2,18,0,2,3244,1,3,1,2,1,4,3,33,1,2,2,3,1,2,1,"8","6","2",0.450951850030338
0,2,9,2,3,1670,1,2,4,2,1,2,3,22,3,2,1,3,1,2,1,"9","7","1",0.531051582088056
1,2,48,2,3,3979,5,4,4,3,1,1,3,41,3,2,2,3,2,2,1,"3","6","3",0.50052872386429
0,2,12,2,2,1922,1,3,4,3,1,2,2,37,3,2,1,2,1,1,1,"9","7","2",0.6613831789001
1,2,18,4,2,1295,1,2,4,2,1,1,2,27,3,2,2,3,1,1,1,"8","8","2",0.578311468258125
1,4,4,4,3,1544,1,4,2,3,1,1,1,42,3,2,3,2,2,1,1,"10","7","3",1.04320010073396
1,2,8,2,9,907,1,2,3,4,1,2,1,26,3,2,1,3,1,2,1,"9","9","2",0.686714273645725
1,2,30,2,3,1715,5,3,4,2,1,1,3,26,3,2,1,3,1,1,1,"6","7","2",0.636091851247055
1,3,10,4,3,1347,5,4,4,3,1,2,2,27,3,2,2,3,1,2,1,"9","8","2",1.02227527647898
1,2,12,2,0,1007,4,3,4,4,1,1,1,22,3,2,1,3,1,1,1,"9","8","1",0.726111219411943
1,4,12,4,2,1402,3,4,3,2,1,4,3,37,3,1,1,3,1,2,1,"9","8","2",0.990124989305001
1,2,12,2,0,2002,1,4,3,3,1,4,2,30,3,1,1,3,2,2,1,"9","7","2",0.649867379607449
1,4,12,4,6,2096,1,4,2,3,1,3,1,49,3,2,1,2,2,1,1,"9","7","3",1.0666492297689
1,4,12,2,0,1101,1,3,3,4,1,2,1,27,3,2,2,3,1,2,1,"9","8","2",0.92065332097443
1,4,10,2,8,894,5,4,4,2,1,3,2,40,3,2,1,3,1,2,1,"9","9","3",0.903806090648648
1,2,11,2,2,1577,4,2,4,2,1,1,1,20,3,2,1,3,1,1,1,"9","7","1",0.65425803144745
1,4,33,3,9,2764,1,3,2,2,1,2,3,26,3,2,2,3,1,2,1,"5","6","2",0.776910887184827
1,2,48,0,0,8358,3,2,1,2,1,1,3,30,3,2,2,3,1,1,1,"3","4","2",0.206665887183189
1,3,12,2,2,1474,1,2,4,2,1,1,2,33,1,2,1,4,1,2,1,"9","8","2",0.608194362392423
1,4,24,2,1,5433,5,1,2,2,1,4,2,26,3,1,1,4,1,2,1,"7","5","2",0.852668326369391
1,2,14,2,9,1410,3,5,1,4,1,2,1,35,3,2,1,3,1,2,1,"8","8","2",0.93598829613207
1,4,20,4,0,3485,5,2,2,1,1,4,1,44,3,2,2,3,1,2,1,"7","6","3",1.04629542745139
1,4,18,4,1,3850,1,4,3,3,1,1,3,27,3,2,2,3,1,1,1,"8","6","2",0.929517678046256
0,2,60,2,0,7408,2,2,4,2,1,2,2,24,3,2,1,4,1,1,1,"1","5","1",0.324308495500752
1,3,24,2,3,1377,2,5,4,2,1,2,4,47,3,3,1,3,1,2,1,"7","8","3",0.714807587994035
1,4,30,3,9,4272,2,3,2,3,1,2,2,26,3,2,2,2,1,1,1,"6","6","2",0.960755278126638
1,2,24,3,3,1553,2,4,3,2,1,2,2,23,3,1,2,3,1,2,1,"7","7","1",0.584684155874474
1,2,36,3,9,9857,2,4,1,3,1,3,2,31,3,2,2,2,2,2,1,"5","4","2",0.616159993841465
1,4,6,4,0,362,2,3,4,2,1,4,3,52,3,2,2,2,1,1,1,"10","10","3",1.07250972476643
1,4,12,4,2,1935,1,5,4,3,1,4,1,43,3,2,3,3,1,2,1,"9","7","3",1.00965639049491
1,4,48,2,3,10222,5,4,4,3,1,3,3,37,2,2,1,3,1,2,1,"3","3","2",0.51257719985496
1,3,12,2,0,1330,1,2,4,3,1,1,1,26,3,2,1,3,1,1,1,"9","8","2",0.715786372162479
1,4,36,2,6,9055,5,3,2,3,1,4,4,35,3,3,1,2,2,2,1,"5","4","2",0.808142197363237
1,2,26,2,1,7966,1,2,2,3,1,3,3,30,3,2,2,3,1,1,1,"6","4","2",0.457057344906163
1,2,30,1,2,3496,4,3,4,3,1,2,3,34,2,2,1,3,2,2,1,"6","6","2",0.572622762265029
1,2,36,2,1,6948,1,3,2,3,1,2,3,35,3,1,1,4,1,2,1,"5","5","2",0.461434723242452
1,2,48,0,9,12204,5,3,2,3,1,2,3,48,1,2,1,4,1,2,1,"3","3","3",0.1791318934194
0,1,36,2,2,3446,1,5,4,3,1,2,3,42,3,2,1,3,2,1,1,"5","6","3",0.354178946192493
0,1,12,2,6,684,1,3,4,3,1,4,3,40,3,1,1,2,2,1,1,"9","9","3",0.304885096512895
0,1,33,4,2,4281,3,3,1,2,1,4,3,23,3,2,2,3,1,1,1,"5","6","1",0.515204544810573
0,1,42,2,3,7174,5,4,4,2,1,3,3,30,3,2,1,4,1,2,1,"4","5","2",0.645944120356151
0,1,24,1,3,1546,1,4,4,3,3,4,3,24,1,1,1,2,1,1,1,"7","7","1",0.34764343846579
0,1,24,2,2,2359,2,1,1,1,1,1,2,33,3,2,1,3,1,1,1,"7","7","2",0.477644780707747
0,4,24,2,3,3621,2,5,2,3,1,4,3,31,3,2,2,3,1,1,1,"7","6","2",0.894952065388678
0,1,12,2,4,741,2,1,4,2,1,3,2,22,3,2,1,3,1,1,1,"9","9","1",0.315817127464263
0,1,12,2,2,7865,1,5,4,3,1,4,4,53,3,3,1,4,1,2,1,"9","4","3",0.542856408508414
1,1,24,2,1,2910,1,4,2,3,1,1,4,34,3,3,1,4,1,2,1,"7","6","2",0.629640731146143
1,1,18,4,0,5302,1,5,2,3,1,4,4,36,3,3,3,4,1,2,1,"8","5","2",0.674443734427706
1,1,36,2,2,3620,1,3,1,3,3,2,2,37,3,2,1,3,2,1,1,"5","6","2",0.571800292859914
1,1,18,2,3,3509,1,4,4,2,3,1,1,25,3,2,1,3,1,1,1,"8","6","1",0.606915765151302
1,2,12,2,2,3017,1,2,3,2,1,1,1,34,3,1,1,4,1,1,1,"9","6","2",0.613963820432652
1,1,12,2,2,1657,1,3,2,3,1,2,1,27,3,2,1,3,1,1,1,"9","7","2",0.654624173647851
1,1,8,4,10,1164,1,5,3,3,1,4,4,51,1,3,2,4,2,2,1,"9","8","3",0.615165372429032
0,1,36,4,2,6229,1,2,4,2,2,4,4,23,3,1,2,2,1,2,1,"5","5","1",0.301956071071119
0,1,24,1,0,1193,1,1,1,2,2,4,4,29,3,1,2,1,1,1,1,"7","8","2",0.294458394598166
1,1,30,0,2,4583,1,3,2,1,3,2,1,32,3,2,2,3,1,1,1,"6","6","2",0.473968359167681
1,1,36,4,2,5371,1,3,3,3,3,2,2,28,3,2,2,3,1,1,1,"5","5","2",0.598084311010855
1,1,12,2,2,708,1,3,2,3,3,3,2,38,3,2,1,2,2,1,1,"9","9","2",0.58784573405861
1,1,21,4,0,571,1,5,4,3,1,4,1,65,3,2,2,3,1,1,1,"7","9","5",0.546109040616217
1,1,30,2,3,2522,1,5,1,3,3,3,2,39,3,2,1,3,2,1,1,"6","6","2",0.74208619342343
0,1,36,2,2,5179,1,4,4,3,1,2,2,29,3,2,1,3,1,1,1,"5","5","2",0.387250452501763
0,1,36,2,1,8229,1,3,2,3,1,2,2,26,3,2,1,3,2,1,1,"5","4","2",0.310949070677415
1,4,24,4,2,2028,1,4,2,3,1,2,2,30,3,2,2,2,1,1,1,"7","7","2",0.967834946467628
1,1,6,2,0,1374,5,1,4,2,1,3,2,75,3,2,1,4,1,2,1,"10","8","5",0.674936995116395
1,1,12,2,2,1289,1,3,4,3,3,1,2,21,3,2,1,2,1,1,1,"9","8","1",0.586066898404584
0,1,36,2,2,2712,1,5,2,3,1,2,2,41,1,2,1,3,2,1,1,"5","6","3",0.381051787451294
1,1,15,4,2,975,1,3,2,1,1,3,2,25,3,2,2,3,1,1,1,"8","9","1",0.384404432140402
1,2,6,3,2,1050,1,1,4,3,1,1,2,35,2,2,2,4,1,2,0,"10","8","2",0.757807985327982
1,1,6,4,0,609,1,4,4,2,1,3,2,37,3,2,2,3,1,1,1,"10","9","2",0.577979798496283
1,1,48,2,1,4788,1,4,4,3,1,3,2,26,3,2,1,3,2,1,1,"3","6","2",0.310134237114366
1,2,24,2,2,3069,2,5,4,3,1,4,4,30,3,3,1,3,1,1,1,"7","6","2",0.694661977883194
0,2,12,2,0,836,2,2,4,2,1,2,2,23,1,2,1,2,1,1,1,"9","9","1",0.361715667806525
1,1,12,2,2,2577,1,3,2,1,1,1,3,42,3,2,1,3,1,1,1,"9","6","3",0.515528711306012
1,1,12,2,2,1620,1,3,2,2,2,3,2,30,3,2,1,3,1,1,1,"9","7","2",0.63905300637666
1,1,15,2,2,1845,1,2,4,2,3,1,2,46,3,1,1,3,1,1,1,"8","7","3",0.463691523865199
1,1,24,2,1,6579,1,1,4,3,1,2,4,29,3,3,1,4,1,2,1,"7","5","2",0.439506015911502
1,1,12,2,0,1893,1,3,4,2,3,4,2,29,3,2,1,3,1,2,1,"9","7","2",0.671347436352025
1,1,30,4,1,10623,1,5,3,3,1,4,4,38,3,3,3,4,2,2,1,"6","3","2",0.363233619861903
1,1,18,2,0,2249,2,4,4,3,1,3,3,30,3,2,1,4,2,2,1,"8","7","2",0.505616188166166
0,1,30,2,2,3108,1,2,2,1,1,4,2,31,3,2,1,2,1,1,1,"6","6","2",0.476331654602646
1,2,12,4,0,958,1,4,2,3,1,3,1,47,3,2,2,2,2,1,1,"9","9","3",0.68906854273615
1,4,24,2,1,9277,5,3,2,1,1,4,4,48,3,3,1,3,1,2,1,"7","4","3",0.838849863533373
1,4,24,4,10,6314,1,1,4,3,2,2,4,27,1,2,2,4,1,2,1,"7","5","2",0.780144634849087
1,1,12,4,1,1526,1,5,4,3,1,4,4,66,3,3,2,4,1,1,1,"9","7","5",0.679915911717556
1,1,12,2,2,3590,1,3,2,3,2,2,2,29,3,2,1,2,2,1,1,"9","6","2",0.679174906729759
1,1,24,4,1,6615,1,1,2,3,1,4,4,75,3,3,2,4,1,2,1,"7","5","5",0.603336484476515
1,1,6,4,2,1872,1,1,4,3,1,4,4,36,3,3,3,4,1,2,1,"10","7","2",0.64025870932396
1,4,12,2,0,2859,5,1,4,3,1,4,4,38,3,2,1,4,1,2,1,"9","6","2",0.920657461467517
1,4,18,4,3,1582,4,5,4,3,1,4,3,46,3,2,2,3,1,1,1,"8","7","3",0.984083920879493
1,4,6,2,8,1238,5,1,4,3,1,4,2,36,3,2,1,4,2,2,1,"10","8","2",0.986565517494336
1,1,12,2,2,2578,1,1,3,2,1,4,4,55,3,3,1,4,1,1,1,"9","6","3",0.480544678662576
1,1,15,4,2,1433,1,3,4,2,1,3,2,25,3,1,2,3,1,1,1,"8","8","1",0.387664472428858
1,1,42,2,2,7882,1,4,2,3,3,4,2,45,3,3,1,3,2,1,1,"4","4","3",0.656385935194685
1,1,24,2,2,4169,1,3,4,3,1,4,2,28,3,2,1,3,1,1,1,"7","6","2",0.51787446633956
1,1,36,2,2,3959,1,1,4,3,1,3,2,30,3,2,1,4,1,2,1,"5","6","2",0.377380269057316
1,1,36,2,0,3249,1,4,2,3,1,4,4,39,1,3,1,4,2,2,1,"5","6","2",0.390668012742778
1,1,24,2,2,3149,1,2,4,3,1,1,4,22,1,3,1,3,1,1,1,"7","6","1",0.334440158541027
0,1,12,4,2,2246,1,5,3,3,1,3,2,60,3,2,2,3,1,1,1,"9","7","4",0.679818164319943
1,1,13,4,9,1797,1,2,3,3,1,1,2,28,1,2,2,2,1,1,1,"8","7","2",0.547953929604425
1,1,20,4,2,4272,1,5,1,2,1,4,2,24,3,2,2,3,1,1,1,"7","6","1",0.655916603356839
1,1,24,4,1,2957,1,5,4,3,1,4,2,63,3,2,2,3,1,2,1,"7","6","4",0.653150401504685
1,1,36,4,2,2348,1,3,3,4,1,2,2,46,3,2,2,3,1,2,1,"5","7","3",0.55074873358551
1,3,42,0,9,6289,1,2,2,1,1,1,2,33,3,2,2,3,1,1,1,"4","5","2",0.520384346171378
1,1,24,4,1,6419,1,5,2,2,1,4,4,44,3,3,2,4,2,2,1,"7","5","3",0.602627214300638
0,1,48,4,1,6143,1,5,4,2,1,4,4,58,2,3,2,2,1,1,1,"3","5","3",0.332226433598987
1,4,24,4,6,1597,1,5,4,3,1,4,4,54,3,3,2,3,2,1,1,"7","7","3",0.857908481790427
1,1,36,2,10,15857,1,1,2,1,2,3,3,43,3,2,1,4,1,1,1,"5","2","3",0.273143569922611
1,4,24,4,3,2223,2,5,4,3,1,4,2,52,1,2,2,3,1,1,1,"7","7","3",0.863262761339814
1,4,48,3,3,7238,5,5,3,3,1,3,3,32,1,2,2,3,2,1,1,"3","5","2",0.684170753295134
1,2,30,3,9,2503,2,5,4,3,1,2,2,41,2,2,2,3,1,1,1,"6","6","3",0.686802074747506
1,2,18,2,9,2622,2,3,4,3,1,4,3,34,3,2,1,3,1,1,1,"8","6","2",0.653385904351406
1,2,24,2,2,4351,5,3,1,2,1,4,2,48,3,2,1,2,1,2,1,"7","6","3",0.849965449287705
1,2,6,2,3,368,5,5,4,3,1,4,2,38,3,2,1,3,1,1,1,"10","10","2",1.04816296586462
1,2,12,2,8,754,5,5,4,3,1,4,2,38,3,2,2,3,1,1,1,"9","9","2",0.710955281723248
1,4,24,4,3,2424,5,5,4,3,1,4,2,53,3,2,2,3,1,1,1,"7","7","3",1.04217955928869
1,2,48,3,9,6681,5,3,4,3,1,4,4,38,3,3,1,3,2,2,1,"3","5","2",0.609179088677044
1,2,18,3,9,2427,5,5,4,3,1,2,2,42,3,2,2,3,1,1,1,"8","7","3",0.815310680571116
0,2,24,4,3,1216,2,2,4,3,1,4,4,38,1,2,2,3,2,1,1,"7","8","2",0.458629346023069
1,2,6,2,3,753,1,3,2,2,3,3,1,64,3,2,1,3,1,1,1,"10","9","4",0.740184167580367
1,2,7,2,3,2576,1,3,2,3,3,2,1,35,3,2,1,3,1,1,0,"9","6","2",1.00930875394331
1,2,6,2,3,590,1,2,3,4,1,3,1,26,3,2,1,2,1,1,0,"10","9","2",0.804189718811993
1,2,8,2,3,1414,1,3,4,3,3,2,1,33,3,2,1,3,1,1,0,"9","8","2",0.878347325035164
1,2,12,2,3,1103,1,4,4,3,3,3,1,29,3,2,2,3,1,1,1,"9","8","2",0.764728078968995
1,2,12,3,3,585,1,3,4,4,2,4,1,20,3,1,2,3,1,1,1,"9","9","1",0.572800052341473
1,2,6,2,3,1068,1,5,4,3,1,4,3,28,3,2,1,3,2,1,1,"10","8","2",0.676926140471264
1,1,8,4,0,713,1,5,4,3,1,4,1,47,3,2,2,2,1,1,1,"9","9","3",0.598993065148157
1,2,12,2,3,1092,1,3,4,2,3,4,1,49,3,2,2,3,1,2,1,"9","8","3",0.722098569424638
1,2,7,2,3,2329,1,2,1,2,3,1,1,45,3,2,1,3,1,1,1,"9","7","3",0.817152882246254
1,2,13,4,3,882,1,2,4,3,3,4,1,23,3,2,2,3,1,1,1,"8","9","1",0.626616853346228
1,2,18,2,3,866,1,3,4,4,3,2,1,25,3,2,1,2,1,1,1,"8","9","1",0.617661416027554
1,2,7,2,3,2415,1,3,3,3,3,2,1,34,3,2,1,3,1,1,1,"9","7","2",0.841263168620571
1,2,13,2,3,2101,1,2,2,2,3,4,2,23,3,2,1,2,1,1,1,"8","7","1",0.658616872491562
1,2,18,2,3,1301,1,5,4,4,3,2,1,32,3,2,1,2,1,1,1,"8","8","2",0.827022821169017
1,2,18,2,3,1113,1,3,4,2,3,4,1,26,3,2,1,2,2,1,1,"8","8","2",0.645844236049264
1,2,8,2,3,760,1,4,4,2,3,2,1,44,3,2,1,2,1,1,1,"9","9","3",0.668468037641536
1,2,12,2,3,625,1,2,4,4,3,1,1,26,1,2,1,2,1,1,1,"9","9","2",0.638040517415013
1,3,6,4,0,1323,2,5,2,1,1,4,3,28,3,2,2,3,2,2,1,"10","8","2",0.91658553311516
1,1,9,4,3,1138,1,3,4,3,1,4,1,25,3,2,2,2,1,1,1,"9","8","1",0.596235444083189
1,2,18,4,3,1795,1,5,3,2,3,4,1,48,1,1,2,2,1,2,1,"8","7","3",0.791061609269815
1,2,15,4,3,2728,5,4,4,3,3,2,1,35,1,2,3,3,1,2,1,"8","6","2",0.966616049991912
1,2,6,2,3,484,1,4,3,4,3,3,1,28,1,2,1,2,1,1,1,"10","10","2",1.04398086408121
1,2,10,1,3,1048,1,3,4,3,1,4,1,23,2,2,1,2,1,1,1,"9","8","1",0.504234817315135
1,2,12,2,3,1155,1,5,3,4,3,3,1,40,1,2,2,2,1,1,1,"9","8","3",0.78249149169946
1,2,20,3,1,7057,5,4,3,3,1,4,2,36,1,1,2,4,2,2,1,"7","5","2",0.653234257585167
1,2,15,4,3,1537,5,5,4,3,3,4,1,50,3,2,2,3,1,2,1,"8","7","3",1.05900408037781
1,1,12,2,3,2214,1,3,4,3,1,3,2,24,3,2,1,2,1,1,1,"9","7","1",0.503239585855686
1,4,24,4,2,1585,1,4,4,3,1,3,2,40,3,2,2,3,1,1,1,"7","7","3",0.870310920757885
1,2,10,2,2,1521,1,3,4,1,1,2,3,31,3,2,1,2,1,1,1,"9","7","2",0.544951568569286
1,2,36,1,4,3990,5,2,3,2,1,2,4,29,1,2,1,1,1,1,1,"5","6","2",0.418262792337602
1,3,18,2,2,3049,1,2,1,2,1,1,2,45,2,2,1,2,1,1,1,"8","6","3",0.705565701079591
0,1,24,2,3,1282,2,3,4,2,1,2,3,32,3,2,1,2,1,1,1,"7","8","2",0.425536802359179
1,4,60,2,3,10144,2,4,2,2,1,4,1,21,3,2,1,3,1,2,1,"1","3","1",0.532502136710909
1,1,12,2,0,1168,1,3,4,4,1,3,1,27,3,2,1,2,1,1,1,"9","8","2",0.602629900193381
1,2,6,2,5,454,1,2,3,4,1,1,2,22,3,2,1,2,1,1,1,"10","10","1",0.848808175468135
1,4,15,3,1,3594,1,2,1,2,1,2,2,46,3,2,2,2,1,1,1,"8","6","3",0.860043779303001
1,4,12,2,2,1768,1,3,3,3,1,2,1,24,3,1,1,2,1,1,1,"9","7","1",0.801442619482323
1,4,60,3,3,15653,1,4,2,3,1,4,3,21,3,2,2,3,1,2,1,"1","2","1",0.668660885400339
1,3,12,3,0,2247,1,3,2,2,1,2,3,36,2,2,2,3,1,2,1,"9","7","2",0.762562878481725
1,4,24,2,3,1413,1,3,4,4,1,2,2,28,3,2,1,3,1,1,1,"7","8","2",0.788741377937627
1,2,45,4,1,4576,2,1,3,3,1,4,3,27,3,2,1,3,1,1,1,"3","6","2",0.530437682994232
1,1,24,4,3,1231,4,5,4,2,1,4,2,57,3,1,2,4,1,2,1,"7","8","3",0.621511499635909
0,1,36,2,1,8335,5,5,3,3,1,4,4,47,3,3,1,3,1,1,1,"5","4","3",0.486719056068666
1,2,36,4,1,5800,1,3,3,3,1,4,3,34,3,2,2,3,1,2,1,"5","5","2",0.586113232726146
1,1,18,3,6,8471,5,3,1,2,1,2,3,23,3,1,2,3,1,2,1,"8","4","1",0.546538606809257
1,1,30,2,2,3622,4,5,4,2,1,4,2,57,3,1,2,3,1,2,1,"6","6","3",0.554076684133322
1,1,6,4,3,1169,5,5,4,3,1,4,1,67,3,2,2,3,1,2,1,"10","8","5",0.97497589331479
1,4,15,2,4,1262,3,4,4,3,1,3,2,36,3,2,2,3,1,2,1,"8","8","2",0.866365828313028
1,3,24,4,2,3617,5,5,4,3,2,4,4,20,3,1,2,3,1,1,1,"7","6","1",0.861551415821277
1,2,30,4,0,2181,5,5,4,3,1,4,1,36,3,2,2,3,1,1,1,"6","7","2",0.882220095201982
0,1,48,1,9,7685,1,4,2,2,3,4,3,37,3,1,1,3,1,1,1,"3","4","2",0.26800286277557
1,4,48,4,6,6110,1,3,1,3,1,3,4,31,1,3,1,3,1,2,1,"3","5","2",0.787664211251669
1,4,24,2,0,3757,1,5,4,2,2,4,4,62,3,3,1,3,1,2,1,"7","6","4",0.860926164541291
1,1,42,4,5,3394,1,1,4,3,2,4,3,65,3,2,2,1,1,1,1,"4","6","5",0.651643790426967
1,4,36,4,9,6304,5,5,4,3,1,4,1,36,3,2,2,3,1,1,1,"5","5","2",0.997750022723301
1,4,9,4,6,1244,5,5,4,2,1,4,2,41,3,1,2,2,1,1,1,"9","8","3",1.00658300616331
1,4,6,2,0,3518,1,3,2,3,3,3,2,26,3,1,1,3,1,1,1,"10","6","2",1.07421541488969
1,4,36,0,5,2613,1,3,4,3,1,2,3,27,3,2,2,3,1,1,1,"5","6","2",0.494999276188231
1,1,48,2,6,7476,1,4,4,3,1,1,4,50,3,3,1,4,1,2,1,"3","5","3",0.335485534243996
0,4,24,2,9,4591,4,3,2,3,1,3,2,54,3,2,3,4,1,2,1,"7","6","3",0.936994490364519
0,2,18,2,2,1924,5,2,4,2,1,3,1,27,3,1,1,3,1,1,1,"8","7","2",0.63890633523443
0,2,72,2,3,5595,2,3,2,4,1,2,3,24,3,2,1,3,1,1,1,"1","5","1",0.488041446190733
0,2,48,3,6,6224,1,5,4,3,1,4,4,50,3,3,1,3,1,1,1,"3","5","3",0.49338916570405
1,3,15,2,6,1905,1,5,4,3,1,4,3,40,3,1,1,4,1,2,1,"8","7","3",0.684099850364979
1,4,21,3,1,2993,1,3,3,3,1,2,1,28,2,2,2,2,1,1,1,"7","6","2",0.869267809690928
1,4,36,3,1,8947,5,4,3,3,1,2,3,31,2,2,1,4,2,2,1,"5","4","2",0.764901448317473
1,1,24,2,2,4020,1,3,2,3,1,2,3,27,2,2,1,3,1,1,1,"7","6","2",0.510243200113818
1,2,18,2,1,2779,1,3,1,4,1,3,3,21,3,1,1,3,1,2,1,"8","6","1",0.650918249245263
1,4,21,2,0,2782,3,4,1,2,1,2,3,31,1,2,1,4,1,1,1,"7","6","2",0.837085386549649
1,4,12,2,0,1884,1,5,4,3,1,4,3,39,3,2,1,4,1,2,1,"9","7","2",0.896572288313311
1,4,36,4,1,11054,5,3,4,3,1,2,3,30,3,2,1,4,1,2,1,"5","3","2",0.700176151727951
1,2,60,3,3,9157,5,3,2,3,1,2,4,27,3,3,1,4,1,1,1,"1","4","2",0.627506246030705
1,2,42,1,1,9283,1,1,1,3,1,2,4,55,1,3,1,4,1,2,1,"4","4","3",0.448050770286886
1,4,60,2,0,6527,5,3,4,3,1,4,4,34,3,3,1,3,2,2,1,"1","5","2",0.759910449874942
1,4,15,4,1,3368,4,5,3,3,1,4,4,23,3,1,2,3,1,2,1,"8","6","1",0.952568924572607
1,1,15,2,0,2511,1,1,1,2,1,4,3,23,3,1,1,3,1,1,1,"8","6","1",0.365947571384678
1,1,36,2,1,5493,1,5,2,3,1,4,4,42,3,3,1,3,2,1,1,"5","5","3",0.402460082179683
1,4,6,2,4,1338,3,3,1,1,1,4,1,62,3,2,1,3,1,1,1,"10","8","4",0.970404246074734
1,2,9,2,3,1082,1,5,4,3,1,4,3,37,3,2,2,2,1,1,1,"9","8","2",0.616170192925748
1,4,18,4,3,1149,4,3,4,3,1,3,1,46,3,2,2,3,1,1,1,"8","8","3",0.966311366677334
1,2,15,2,5,1308,1,5,4,3,1,4,3,38,3,2,2,2,1,1,1,"8","8","2",0.564650130660254
1,2,20,0,1,6148,2,5,3,4,1,4,3,31,1,2,2,3,1,2,1,"7","5","2",0.502546272437785
1,4,12,2,2,1736,1,4,3,2,1,4,1,31,3,2,1,2,1,1,1,"9","7","2",0.91424342031062
1,4,12,2,3,3059,4,4,2,1,1,4,1,61,3,2,1,2,1,1,1,"9","6","4",0.997463434855288
0,1,24,2,2,2996,5,3,2,4,1,4,3,20,3,2,1,3,1,1,1,"7","6","1",0.6634880354362
1,4,30,4,1,7596,5,5,1,3,1,4,3,63,3,2,2,3,1,1,1,"6","4","4",0.988366001507253
1,4,30,2,1,4811,5,4,2,2,1,4,2,24,2,1,1,2,1,1,1,"6","6","1",0.84049281437923
1,4,6,2,2,1766,1,3,1,4,1,2,2,21,3,1,1,3,1,1,1,"10","7","1",0.936894944703985
1,2,24,2,1,2760,5,5,4,3,1,4,4,36,1,3,1,3,1,2,1,"7","6","2",0.766436422181814
1,4,24,4,5,5507,1,5,3,3,1,4,4,44,3,3,2,3,1,1,1,"7","5","3",0.927092233495783
1,2,9,2,6,1199,1,4,4,2,1,4,2,67,3,2,2,4,1,2,1,"9","8","5",0.626200509938771
1,3,24,2,2,2892,1,5,3,1,1,4,4,51,3,3,1,3,1,1,1,"7","6","3",0.688650309102252
1,2,36,3,0,2862,2,5,4,3,1,3,4,30,3,3,1,3,1,1,1,"5","6","2",0.632755302617742
0,1,9,2,0,654,1,3,4,3,1,3,3,28,3,2,1,2,1,1,1,"9","9","2",0.404590881986693
0,2,9,4,6,1136,4,5,4,3,1,3,4,32,3,3,2,3,2,1,1,"9","8","2",0.827511385938848
0,2,24,2,1,4113,3,2,3,2,1,4,3,28,3,1,1,3,1,1,1,"7","6","2",0.552085836313592
0,2,6,2,0,14555,5,1,1,3,1,2,2,23,3,2,1,1,1,2,1,"10","3","1",0.680929890794289
0,1,15,0,0,950,1,5,4,3,1,3,3,33,3,1,2,3,2,1,1,"8","9","2",0.11676623274132
0,1,24,4,0,1199,1,5,4,3,1,4,3,60,3,2,2,2,1,1,1,"7","8","4",0.51452289752657
0,1,12,0,0,1082,1,3,4,3,1,4,3,48,1,2,2,3,1,1,1,"9","8","3",0.214238001436844
0,2,30,2,0,2150,1,3,4,2,3,2,4,24,1,2,1,3,1,1,1,"6","7","1",0.43009661946988
0,2,36,4,0,2820,1,2,4,1,1,4,3,27,3,2,2,3,1,1,1,"5","6","2",0.431996524902663
0,2,48,2,3,3060,1,4,4,3,1,4,1,28,3,2,2,3,1,1,1,"3","6","2",0.4537212235475
0,1,18,2,3,2600,1,3,4,3,1,4,4,65,3,3,2,3,1,1,1,"8","6","5",0.48709238063185
0,4,21,0,0,5003,5,3,1,2,1,4,2,29,1,2,2,3,1,2,1,"7","5","2",0.761316569089795
0,2,60,2,6,6288,1,3,4,3,1,4,4,42,3,3,1,3,1,1,1,"1","5","3",0.426699377695623
0,4,24,3,0,2538,1,5,4,3,1,4,3,47,3,2,2,2,2,1,1,"7","6","3",0.792413000077514
0,4,9,2,3,1478,1,4,4,3,1,2,3,22,3,2,1,3,1,1,1,"9","8","1",0.746896179929842
0,2,39,4,3,4933,1,4,2,3,3,2,1,25,3,2,2,3,1,1,1,"4","6","1",0.925625364948286
0,4,18,4,0,1530,1,3,3,3,1,2,2,32,1,2,2,3,1,1,1,"8","7","2",0.824322322003257
0,2,9,1,0,1437,2,4,2,3,1,3,4,29,3,2,1,3,1,1,1,"9","8","2",0.608131813501499
0,1,15,2,4,1275,5,3,4,2,1,2,3,24,3,1,1,3,1,1,1,"8","8","1",0.410812412784403
0,1,24,2,3,1823,1,1,4,3,1,2,3,30,2,2,1,4,2,1,1,"7","7","2",0.300792066786703
0,1,9,2,0,1422,1,2,3,3,1,2,4,27,3,3,1,4,1,2,1,"9","8","2",0.543057497947168
0,1,18,2,4,1217,1,3,4,4,1,3,1,47,3,2,1,2,1,2,1,"8","8","3",0.584336001276084
0,1,36,2,0,9271,1,4,2,3,1,1,3,24,3,2,1,3,1,2,1,"5","4","1",0.3253470407481
0,1,36,3,9,2145,1,4,2,3,1,1,3,24,3,2,2,3,1,2,1,"5","7","1",0.453245417217032
0,1,36,2,0,1842,1,2,4,2,1,4,3,34,3,2,1,3,1,2,1,"5","7","2",0.300174367562635
0,2,18,3,2,4297,1,5,4,1,1,3,4,40,3,2,1,4,1,2,1,"8","6","3",0.610851645684596
0,1,6,4,2,3384,1,3,1,1,1,4,1,44,3,1,1,4,1,2,1,"10","6","3",0.802828742524223
0,2,18,4,3,1245,1,3,4,4,1,2,3,33,3,2,1,3,1,1,1,"8","8","2",0.699908184270973
0,4,15,2,6,4623,2,3,3,3,1,2,2,40,3,2,1,4,1,2,1,"8","6","3",0.918158362918848
0,2,30,4,2,8386,1,4,2,3,1,2,2,49,3,2,1,3,1,1,1,"6","4","3",0.702944388117665
0,1,24,3,3,1024,1,2,4,4,1,4,1,48,2,2,1,3,1,1,1,"7","8","3",0.511272073404241
0,2,36,2,0,14318,1,5,4,3,1,2,4,57,3,3,1,4,1,2,1,"5","3","3",0.292007357707612
0,2,6,1,6,433,4,2,4,2,1,2,2,24,1,1,1,3,2,1,1,"10","10","1",0.589600182022338
0,1,12,1,3,2149,1,3,4,1,1,1,4,29,3,3,1,3,1,1,1,"9","7","2",0.397530270709656
0,4,24,2,3,2397,3,5,3,3,1,2,3,35,1,2,2,3,1,2,1,"7","7","2",0.83203670408741
0,2,6,1,0,931,2,2,1,2,1,1,2,32,2,2,1,2,1,1,1,"10","9","2",0.573025484002732
0,2,15,3,5,1512,4,3,3,4,1,3,2,61,2,2,2,3,1,1,1,"8","7","4",0.715320463764216
0,2,24,0,9,4241,1,3,1,3,1,4,1,36,3,2,3,2,1,2,1,"7","6","2",0.620445967947013
0,2,24,4,2,4736,1,2,2,2,1,4,3,25,1,2,1,2,1,1,1,"7","6","1",0.578144039360586
0,2,15,0,0,1778,1,2,2,2,1,1,1,26,3,1,2,1,1,1,1,"8","7","2",0.407579147222009
0,3,15,2,3,2327,1,2,2,2,1,3,1,25,3,2,1,2,1,1,1,"8","7","1",0.671681494551168
0,1,24,1,2,6872,1,2,2,1,1,1,2,55,1,2,1,3,1,2,1,"7","5","3",0.31897482963171
0,1,12,2,6,795,1,2,4,2,1,4,2,53,3,2,1,3,1,1,1,"9","9","3",0.362619252220834
0,3,30,3,9,1908,1,5,4,3,1,4,1,66,3,2,1,4,1,2,1,"6","7","5",0.896350831055712
0,2,36,0,9,1953,1,5,4,3,1,4,4,61,3,3,1,4,1,2,1,"5","7","4",0.388903588998229
0,3,18,2,2,2864,1,3,2,3,1,1,1,34,3,2,1,2,2,1,1,"8","6","2",0.789887017517313
0,3,21,4,6,2319,1,2,2,1,1,1,3,33,3,1,1,3,1,1,1,"7","7","2",0.684787387233915
0,1,24,2,0,915,5,5,4,2,1,2,3,29,1,2,1,3,1,1,1,"7","9","2",0.401964279536139
0,3,24,2,0,947,1,4,4,3,1,3,4,38,1,3,1,3,2,1,1,"7","9","2",0.449418953558458
0,1,24,2,0,1381,5,3,4,2,1,2,2,35,3,2,1,3,1,1,1,"7","8","2",0.542252781309917
0,1,24,2,0,1285,5,4,4,2,1,4,4,32,3,1,1,3,1,1,1,"7","8","2",0.444250262339554
0,1,24,2,0,1371,5,3,4,2,1,4,1,25,3,1,1,3,1,1,1,"7","8","1",0.455768967461431
0,2,18,2,0,1042,5,3,4,2,1,2,2,33,3,2,1,3,1,1,1,"8","8","2",0.65142708567149
0,1,12,2,0,900,5,3,4,4,1,2,3,23,3,2,1,3,1,1,1,"9","9","1",0.50681598158637
0,1,24,2,0,1207,1,2,4,2,1,4,2,24,3,1,1,3,1,1,1,"7","8","1",0.253495274779354
0,2,18,0,0,2278,2,2,3,2,1,3,3,28,3,2,2,3,1,1,1,"8","7","2",0.376495019141124
0,1,60,3,9,6836,1,5,3,3,1,4,4,63,3,2,2,3,1,2,1,"1","5","4",0.41112250593707
0,1,24,2,2,3345,1,5,4,3,1,2,2,39,3,1,1,4,1,2,1,"7","6","2",0.55037466688436
0,1,6,1,6,1198,1,5,4,2,1,4,4,35,3,3,1,3,1,1,1,"10","8","2",0.553083336926659
0,2,48,2,9,15672,1,3,2,3,1,2,3,23,3,2,1,3,1,2,1,"3","2","1",0.389022751452719
0,1,60,2,9,7297,1,5,4,3,2,4,4,36,3,1,1,3,1,1,1,"1","5","2",0.361672008128634
0,4,18,2,5,1943,1,2,4,2,1,4,1,23,3,2,1,3,1,1,1,"8","7","1",0.700061902903144
0,1,18,2,3,3190,1,3,2,2,1,2,1,24,3,2,1,3,1,1,1,"8","6","1",0.527346251665885
0,2,9,1,1,5129,1,5,2,2,1,4,4,74,1,3,1,4,2,2,1,"9","5","5",0.573010471068298
0,4,18,3,2,1808,1,4,4,2,1,1,1,22,3,2,1,3,1,1,1,"8","7","1",0.807597155774533
0,3,10,2,0,1240,2,5,1,2,1,4,4,48,3,3,1,2,2,1,1,"9","8","3",0.795746942644148
0,1,12,2,0,759,1,4,4,3,1,2,1,26,3,2,1,3,1,1,1,"9","9","2",0.491334986010257
0,2,8,2,2,1237,1,3,3,2,1,4,1,24,3,2,1,3,1,1,1,"9","8","1",0.584259144412027
0,4,9,2,2,1980,1,2,2,2,2,2,3,19,3,1,2,3,1,1,1,"9","7","1",0.701564697751529
0,2,48,2,3,10961,4,4,1,3,2,2,4,27,1,2,2,3,1,2,1,"3","3","2",0.326539733647727
0,1,36,3,6,6887,1,3,4,3,1,3,2,29,2,2,1,3,1,2,1,"5","5","2",0.448697999487882
0,1,24,2,3,1938,1,2,4,1,1,3,2,32,3,2,1,3,1,1,1,"7","7","2",0.376993548899542
0,1,21,2,3,1835,1,3,3,2,1,2,1,25,3,2,2,3,1,2,1,"7","7","1",0.452384011356771
0,1,24,3,3,1659,1,2,4,2,1,2,3,29,3,1,1,2,1,2,1,"7","7","2",0.445858196096301
0,2,6,3,0,1209,1,1,4,3,1,4,2,47,3,2,1,4,1,2,1,"10","8","3",0.711010172047406
0,2,48,0,9,3844,2,4,4,3,1,4,4,34,3,3,1,2,2,1,1,"3","6","2",0.342968901391858
0,1,12,4,0,4843,1,5,3,3,2,4,2,43,3,1,2,3,1,2,1,"9","6","3",0.785460433199714
0,2,12,2,5,639,1,3,4,3,1,2,3,30,3,2,1,3,1,1,1,"9","9","2",0.509316152649203
0,2,48,2,3,5951,1,3,2,2,1,2,1,22,3,2,1,3,1,1,1,"3","5","1",0.387288576831489
0,2,36,0,3,3804,1,3,4,2,1,1,3,42,3,2,1,3,1,2,1,"5","6","3",0.318686124510993
0,4,36,3,3,4463,1,3,4,3,1,2,3,26,3,2,2,4,1,2,1,"5","6","2",0.717045898619652
0,4,36,3,9,7980,5,2,4,3,1,4,3,27,3,1,2,3,1,2,1,"5","4","2",0.700000333239929
0,3,36,2,3,4210,1,3,4,3,1,2,3,26,3,2,1,3,1,1,1,"5","6","2",0.561664037821226
0,4,6,2,2,4611,1,2,1,2,1,4,2,32,3,2,1,3,1,1,1,"10","6","2",0.98627398843671
0,2,24,2,1,11560,1,3,1,2,1,4,3,23,3,1,2,4,1,1,1,"7","3","1",0.204142898629317
0,4,18,0,9,4165,1,3,2,3,1,2,3,36,2,2,2,3,2,1,1,"8","6","2",0.624590461777172
0,2,24,2,2,4057,1,4,3,1,1,3,3,43,3,2,1,3,1,2,1,"7","6","3",0.585372059267547
0,4,18,1,0,6458,1,5,2,3,1,4,4,39,1,2,2,4,2,2,1,"8","5","2",0.637275469371117
0,4,12,2,0,1386,3,3,2,2,1,2,2,26,3,2,1,3,1,1,1,"9","8","2",0.902797858552848
0,1,36,2,6,1977,5,5,4,3,1,4,4,40,3,2,1,4,1,2,1,"5","7","3",0.520910231454039
0,2,18,4,2,1928,1,2,2,3,1,2,1,31,3,2,2,2,1,1,1,"8","7","2",0.762816932170289
0,4,12,2,2,1123,3,3,4,2,1,4,3,29,3,1,1,2,1,1,1,"9","8","2",0.763481808919608
0,2,24,2,10,11328,1,3,2,3,2,3,3,29,1,2,2,4,1,2,1,"7","3","2",0.399171779876393
0,2,24,4,10,11938,1,3,2,3,2,3,3,39,3,2,2,4,2,2,1,"7","3","2",0.558809668381821
0,2,27,4,3,2520,3,3,4,3,1,2,2,23,3,2,2,2,1,1,1,"6","6","1",0.710356465651533
0,2,30,3,3,1919,2,2,4,3,1,3,4,30,2,2,2,4,1,1,1,"6","7","2",0.48502527274583
0,2,60,1,10,14782,2,5,3,2,1,4,4,60,1,3,2,4,1,2,1,"1","3","4",0.13316265647559
0,2,36,2,3,2671,2,3,4,2,2,4,4,50,3,3,1,3,1,1,1,"5","6","3",0.521356581676909
0,2,36,2,6,12612,2,3,1,3,1,4,4,47,3,3,1,3,2,2,1,"5","3","3",0.360702393874977
0,2,45,2,3,3031,2,3,4,3,3,4,2,21,3,1,1,3,1,1,1,"3","6","1",0.462480298675469
0,1,12,1,3,626,1,3,4,2,1,4,1,24,1,2,1,2,1,1,1,"9","9","1",0.241477035014163
0,2,24,4,9,1935,1,5,4,1,1,4,1,31,3,2,2,3,1,2,1,"7","7","2",0.752267581551861
0,3,24,4,0,1344,5,4,4,3,1,2,1,37,1,2,2,2,2,1,1,"7","8","2",0.820093735009008
0,4,18,2,2,1533,1,2,4,4,2,1,2,43,3,2,1,2,2,1,1,"8","7","3",0.802372770408621
0,1,48,2,0,3931,1,4,4,3,1,4,4,46,3,3,1,3,2,1,1,"3","6","3",0.274183757518555
0,1,24,1,2,3349,3,2,4,3,1,4,4,30,3,3,1,3,2,2,1,"7","6","2",0.483468090434863
0,1,36,2,3,2302,1,3,4,1,1,4,3,31,3,1,1,3,1,1,1,"5","7","2",0.195047816823439
0,1,42,2,3,3965,1,2,4,3,1,3,3,34,3,2,1,3,1,1,1,"4","6","2",0.494776342624488
0,1,12,2,3,727,2,2,4,4,1,3,4,33,3,2,1,2,1,2,1,"9","9","2",0.474266385689818
0,4,48,2,9,3914,5,3,4,1,1,2,1,38,1,2,1,3,1,1,1,"3","6","2",0.666288292849139
0,1,48,2,9,4308,1,2,3,2,1,4,2,24,3,1,1,3,1,1,1,"3","6","1",0.198806007829702
0,2,12,2,3,1534,1,2,1,4,1,1,1,23,3,1,1,3,1,1,1,"9","7","1",0.67730865847756
0,4,18,4,0,2775,1,4,2,3,1,2,2,31,1,2,2,3,1,1,1,"8","6","2",0.920128105225877
0,1,40,4,6,5998,1,3,4,3,1,3,4,27,1,2,1,3,1,2,1,"4","5","2",0.561487563030443
0,3,15,4,3,1271,5,3,3,3,1,4,4,39,3,3,2,3,1,2,1,"8","8","2",0.9575286653235
0,2,12,2,0,1295,1,2,3,2,1,1,3,25,3,1,1,3,1,1,1,"9","8","1",0.417440080141959
0,2,36,2,1,9398,1,2,1,4,1,4,3,28,3,1,1,4,1,2,1,"5","4","2",0.442796119465702
0,2,12,2,2,951,2,2,4,2,1,4,3,27,1,1,4,3,1,1,1,"9","9","2",0.205643048238835
0,2,24,2,0,1355,1,2,3,2,1,4,3,25,3,2,1,2,1,2,1,"7","8","1",0.464522024223121
0,1,48,2,4,3051,1,3,3,3,1,4,3,54,3,2,1,3,1,1,1,"3","6","3",0.316232735057761
0,4,36,4,0,7855,1,3,4,2,1,2,1,25,2,2,2,3,1,2,1,"5","4","1",0.60302257987993
0,4,18,2,3,433,1,1,3,2,2,4,1,22,3,1,1,3,1,1,1,"8","10","1",0.82104339747246
0,4,36,3,9,9572,1,2,1,1,1,1,3,28,3,2,2,3,1,1,1,"5","4","2",0.588828708097431
0,2,24,1,6,1837,1,4,4,2,1,4,4,34,1,3,1,2,1,1,1,"7","7","2",0.443464208374422
0,2,30,4,0,4249,1,1,4,4,1,2,3,28,3,2,2,4,1,1,1,"6","6","2",0.621623529569565
0,2,30,4,0,5234,1,1,4,4,1,2,3,28,3,2,2,4,1,1,1,"6","5","2",0.58248996043183
0,1,48,2,3,6758,1,3,3,2,1,2,3,31,3,2,1,3,1,2,1,"3","5","2",0.298017388482074
0,1,9,2,3,1366,1,2,3,2,1,4,2,22,3,1,1,3,1,1,1,"9","8","1",0.369116241707844
0,1,24,1,10,1358,5,5,4,3,1,3,3,40,2,2,1,4,1,2,1,"7","8","3",0.556131029352551
0,1,18,2,2,2473,1,1,4,3,1,1,3,25,3,2,1,1,1,1,1,"8","7","1",0.357586653781266
0,3,9,0,3,1337,1,2,4,3,1,2,3,34,3,2,2,4,1,2,1,"9","8","2",0.52151225642587
0,1,48,2,0,7763,1,5,4,3,1,4,4,42,1,3,1,4,1,1,1,"3","4","3",0.156437715045318
0,2,15,1,0,1264,2,3,2,4,1,2,2,25,3,1,1,3,1,1,1,"8","8","1",0.507227979902623
0,2,15,2,0,2631,2,3,2,2,1,4,3,28,3,1,2,3,1,2,1,"8","6","2",0.591108502602083
0,2,48,2,0,6560,2,4,3,3,1,2,2,24,3,2,1,3,1,1,1,"3","5","1",0.411198593621208
0,1,24,2,0,3123,1,2,4,2,1,1,2,27,3,2,1,3,1,1,1,"7","6","2",0.438542898523848
0,1,36,4,6,8065,1,3,3,2,1,2,4,25,3,2,2,4,1,2,1,"5","4","1",0.287948293557007
0,1,24,2,3,2439,1,2,4,2,1,4,1,35,3,2,1,3,1,2,1,"7","7","2",0.499990895496825
0,2,36,2,2,9034,2,2,4,3,2,1,4,29,3,1,1,4,1,2,1,"5","4","2",0.362325987069431
0,2,60,2,0,14027,1,4,4,3,1,2,4,27,3,2,1,4,1,2,1,"1","3","2",0.212763988994321
0,1,36,4,1,9629,1,4,4,3,1,4,3,24,3,2,2,3,1,2,1,"5","4","1",0.35244420743797
0,2,12,2,3,1484,5,3,2,4,1,1,1,25,3,2,1,3,1,2,1,"9","8","1",0.885250522487307
0,1,18,2,2,1131,1,1,4,2,1,2,3,33,3,2,1,3,1,1,1,"8","8","2",0.330892733005813
0,2,24,3,2,2064,1,1,3,2,1,2,2,34,3,2,1,4,1,2,1,"7","7","2",0.615499143147221
0,2,18,2,1,12976,1,1,3,2,1,4,4,38,3,3,1,4,1,2,1,"8","3","2",0.327181825441692
0,4,21,3,9,2580,3,2,4,3,1,2,1,41,1,2,1,2,2,1,1,"7","6","3",0.84678247438626
0,4,27,2,0,2570,1,3,3,2,1,3,1,21,3,1,1,3,1,1,1,"6","6","1",0.696837997785557
0,2,27,2,9,3915,1,3,4,3,1,2,3,36,3,2,1,3,2,2,1,"6","6","2",0.597482763696793
0,4,10,2,0,1309,5,3,4,3,3,4,2,27,3,2,1,2,1,1,1,"9","8","2",1.07760002693161
0,1,24,2,0,4817,1,4,2,3,2,3,2,31,3,2,1,3,1,2,1,"7","6","2",0.710092167655222
0,1,12,2,0,2579,1,2,4,3,1,1,1,33,3,2,1,2,2,1,1,"9","6","2",0.551398720062021
0,2,36,3,0,2225,1,5,4,3,1,4,4,57,1,3,2,3,1,2,1,"5","7","3",0.473348443591108
0,1,18,2,2,4153,1,3,2,3,2,3,3,42,3,2,1,3,1,1,1,"8","6","3",0.598766771674868
0,1,18,0,2,3114,1,2,1,2,1,4,2,26,3,1,1,3,1,1,1,"8","6","2",0.372903846346349
0,1,18,4,2,2124,1,3,4,2,1,4,1,24,3,1,2,3,1,1,1,"8","7","1",0.453887604392321
0,1,18,1,2,1553,1,3,4,3,1,3,3,44,1,2,1,3,1,1,1,"8","7","3",0.299128147514713
0,1,30,2,2,2406,1,4,4,2,1,4,1,23,3,1,1,3,1,1,1,"6","7","1",0.373918092587742
0,1,24,3,0,1333,1,1,4,3,1,2,1,43,3,3,2,3,2,1,1,"7","8","3",0.437383762106638
0,1,48,0,2,7119,1,3,3,3,1,4,4,53,3,3,2,3,2,1,1,"3","5","3",0.0757960521176697
0,1,24,3,0,4870,1,3,3,3,1,4,4,53,3,3,2,3,2,1,1,"7","6","3",0.488321207057266
0,1,12,4,0,691,1,5,4,3,1,3,2,35,3,2,2,3,1,1,1,"9","9","2",0.572818620538426
0,1,42,3,3,4370,1,4,3,3,1,2,2,26,1,2,2,3,2,2,1,"4","6","2",0.56844087605877
0,1,36,1,2,2746,1,5,4,3,1,4,3,31,1,2,1,3,1,1,1,"5","6","2",0.281829114967641
0,1,24,0,2,4110,1,5,3,3,1,4,4,23,1,1,2,3,2,1,1,"7","6","1",0.123132422837018
0,1,18,2,2,2462,1,3,2,3,1,2,3,22,3,2,1,3,1,1,1,"8","7","1",0.4599282421994
0,1,12,2,2,1282,1,3,2,2,1,4,3,20,3,1,1,3,1,1,1,"9","8","1",0.391929303349928
0,2,12,0,2,2969,1,2,4,2,1,3,2,25,3,1,2,3,1,1,1,"9","6","1",0.3211497718223
0,1,48,0,1,4605,1,5,3,3,1,4,4,24,3,3,2,3,2,1,1,"3","6","1",0.123372960274624
0,1,48,4,1,6331,1,5,4,3,1,4,4,46,3,3,2,3,1,2,1,"3","5","3",0.44569185799193
0,1,24,1,2,3552,1,4,3,3,1,4,3,27,1,2,1,3,1,1,1,"7","6","2",0.404892965863919
0,1,12,1,0,697,1,2,4,3,1,2,3,46,1,2,2,3,1,2,1,"9","9","3",0.208038334677481
0,1,24,2,0,1442,1,4,4,2,1,4,3,23,3,1,2,3,1,1,1,"7","8","1",0.232984403389685
0,1,27,0,9,5293,1,1,2,3,1,4,2,50,3,2,2,3,1,2,1,"6","5","3",0.359665559160443
0,1,21,3,6,3414,1,2,2,3,1,1,2,26,2,2,2,3,1,1,1,"7","6","2",0.5538548713373
0,1,18,2,2,2039,1,3,1,2,1,4,1,20,3,1,1,3,1,1,1,"8","7","1",0.466528746704788
0,1,24,1,9,3161,1,3,4,3,1,2,2,31,1,1,1,3,1,2,1,"7","6","2",0.391659551823105
0,1,12,2,8,902,1,4,4,4,1,4,2,21,3,1,1,3,1,1,1,"9","9","1",0.405892095458987
0,1,48,2,1,10297,1,4,4,3,1,4,4,39,3,3,3,3,2,2,1,"3","3","2",0.00563934366093911
0,2,48,0,9,14421,1,3,2,3,1,2,3,25,2,2,1,3,1,2,1,"3","3","1",0.0442126463025906
0,2,18,4,0,1056,1,5,3,3,3,3,1,30,3,2,2,3,1,1,1,"8","8","2",0.885376340128873
0,1,12,2,0,1274,1,2,3,2,1,1,1,37,1,2,1,2,1,1,1,"9","8","2",0.449606025831291
0,2,12,2,0,1223,1,5,1,1,1,1,1,46,3,1,2,3,1,1,1,"9","8","3",0.601149367363014
0,1,12,2,0,1372,1,4,2,1,1,3,3,36,3,2,1,3,1,1,1,"9","8","2",0.494483114681506
0,1,16,4,0,2625,1,5,2,3,3,4,2,43,3,1,1,3,1,2,0,"8","6","3",0.96183837543587
0,1,20,4,0,2235,1,3,4,4,3,2,2,33,1,1,2,3,1,1,0,"7","7","2",0.688868439995427
0,2,9,2,2,959,1,3,1,2,1,2,3,29,1,2,1,3,1,1,1,"9","9","2",0.482277408926744
0,2,18,4,0,884,1,5,4,3,1,4,3,36,3,2,1,3,2,2,1,"8","9","2",0.62078490421984
0,2,24,2,0,1246,1,2,4,3,1,2,1,23,1,2,1,2,1,1,1,"7","8","1",0.419120156545521
0,2,36,3,0,8086,2,5,2,3,1,4,3,42,2,2,4,4,1,2,1,"5","4","3",0.422726482575735
0,4,48,4,0,10127,3,3,2,3,1,2,4,44,3,3,1,3,1,1,1,"3","3","3",0.591765520153068
0,2,12,2,0,888,1,5,4,3,1,4,3,41,1,2,1,2,2,1,1,"9","9","3",0.419405642501645
0,4,12,2,6,719,1,5,4,3,1,4,3,41,1,2,1,2,2,1,1,"9","9","3",0.637295695649192
0,2,36,2,0,12389,5,3,1,3,1,4,4,37,1,3,1,3,1,2,1,"5","3","2",0.432537948312222
0,1,12,2,3,709,1,5,4,3,1,4,1,57,3,2,1,2,1,1,1,"9","9","3",0.52316024894377
0,2,15,1,0,6850,2,1,1,3,1,2,2,34,2,2,1,4,2,2,1,"8","5","2",0.544765273080132
0,4,10,2,2,2210,1,3,2,3,1,2,1,25,3,1,1,2,1,1,1,"9","7","1",0.834753973140116
0,4,30,1,1,7485,5,1,4,2,1,1,1,53,1,2,1,4,1,2,1,"6","5","3",0.706703851449779
0,1,18,1,0,1442,1,4,4,3,1,4,4,32,1,3,2,2,2,1,1,"8","8","2",0.258161343898111
0,4,12,4,3,797,5,5,4,2,1,3,2,33,3,2,1,2,2,1,1,"9","9","2",0.983320439913859
0,2,45,4,3,4746,1,2,4,3,1,2,2,24,1,2,2,2,1,1,1,"3","6","1",0.360398187651698
0,3,12,4,0,939,3,4,4,4,1,2,1,28,3,2,3,3,1,2,1,"9","9","2",0.88776555927965
0,2,21,2,9,1188,1,5,2,2,1,4,2,39,3,2,1,3,2,1,1,"7","8","2",0.615799073494833
0,4,48,4,1,11590,2,3,2,2,1,4,3,24,3,1,2,2,1,1,1,"3","3","1",0.365295737583121
0,3,12,1,9,609,1,2,4,2,1,1,1,26,1,2,1,1,1,1,1,"9","9","2",0.504682890093596
0,1,18,4,5,1190,1,1,2,2,1,4,4,55,3,3,3,1,2,1,1,"8","8","3",0.435086959089692
0,2,21,2,9,2767,2,5,4,1,1,2,3,61,3,1,2,2,1,1,1,"7","6","4",0.47483282857516
0,2,30,2,2,3441,2,3,2,2,2,4,3,21,1,1,1,3,1,1,1,"6","6","1",0.492670144884326
0,2,30,0,9,4280,2,3,4,2,1,4,3,26,3,1,2,2,1,1,1,"6","6","2",0.372857682784811
0,2,24,2,3,3092,2,2,3,4,1,2,3,22,3,1,1,3,1,2,1,"7","6","1",0.585652408707492
0,4,18,2,0,6761,5,3,2,3,1,4,3,68,2,1,2,3,1,1,1,"8","5","5",0.816075820102439
0,2,12,2,3,1331,1,2,2,3,1,1,3,22,3,2,1,3,1,1,1,"9","8","1",0.560848456938737
0,2,54,0,9,15945,1,2,3,3,1,4,4,58,3,1,1,3,1,2,1,"2","2","3",0.297966197928339
0,1,24,2,2,3234,1,2,4,2,1,4,1,23,3,1,1,2,1,2,1,"7","6","1",0.417924513879295
0,2,15,2,3,802,1,5,4,3,1,3,3,37,3,2,1,3,2,1,1,"8","9","2",0.455469159903857
0,2,48,2,2,9960,1,2,1,2,1,2,3,26,1,2,1,3,1,2,1,"3","4","2",0.289104378627298
0,4,24,3,9,8648,1,2,2,3,1,2,3,27,1,2,2,3,1,2,1,"7","4","2",0.727413786469136
0,1,18,2,3,1345,1,3,4,4,1,3,1,26,3,2,1,3,1,1,1,"8","8","2",0.543939021595237
0,1,45,2,3,1845,1,3,4,3,1,4,4,23,3,3,1,3,1,2,1,"3","7","1",0.269694107867559
0,1,21,1,0,1647,5,3,4,3,1,2,2,40,1,2,2,2,2,1,1,"7","7","3",0.376782670591258
0,4,48,2,9,4844,1,1,3,3,1,2,3,33,3,1,1,4,1,2,1,"3","6","2",0.567404103672486
0,2,27,0,9,8318,1,5,2,2,1,4,4,42,2,3,2,4,1,2,1,"6","4","3",0.403571258873868
0,3,18,2,3,2100,1,3,4,3,2,2,1,37,3,2,1,3,1,1,1,"8","7","2",0.786953913329636
0,1,45,0,9,11816,1,5,2,3,1,4,3,29,3,1,2,3,1,1,1,"3","3","2",-0.0385151820710042
0,1,6,2,6,448,1,2,4,2,1,4,2,23,3,2,1,3,1,1,1,"10","10","1",0.632110454256236
0,1,30,2,5,11998,1,2,1,1,1,1,4,34,1,2,1,2,1,2,1,"6","3","2",0.164817083108865
0,2,48,0,10,18424,1,3,1,2,1,2,2,32,1,2,1,4,1,2,0,"3","2","2",0.371206595295991
0,1,6,2,0,14896,1,5,1,3,1,4,4,68,1,2,1,4,1,2,1,"10","3","5",0.455602272667393
0,2,12,2,2,2762,5,5,1,2,1,2,2,25,3,2,1,3,1,2,1,"9","6","1",0.920349535326867
0,1,12,2,1,3386,1,5,3,3,1,4,4,35,3,3,1,3,1,2,1,"9","6","2",0.709192464150418
0,2,24,2,3,2039,1,2,1,4,1,1,2,22,3,2,1,3,1,2,1,"7","7","1",0.675698768847291
0,4,18,3,9,2169,1,3,4,4,1,2,3,28,3,2,1,3,1,2,1,"8","7","2",0.929653202122047
0,2,48,4,2,5096,1,3,2,2,1,3,3,30,3,2,1,4,1,2,1,"3","5","2",0.544413091708656
0,1,18,2,3,1882,1,3,4,2,1,4,3,25,1,1,2,3,1,1,1,"8","7","1",0.183134250027245
0,1,48,2,3,6999,1,4,1,4,3,1,1,34,3,2,2,3,1,2,1,"3","5","2",0.620109571266876
0,4,12,4,9,2292,1,1,4,3,1,2,3,42,2,2,2,4,1,2,1,"9","7","3",0.844642944513775
0,1,14,2,0,8978,1,5,1,1,1,4,2,45,3,2,1,4,1,2,0,"8","4","3",0.607528306116149
0,1,12,2,3,674,2,4,4,4,1,1,2,20,3,2,1,3,1,1,1,"9","9","1",0.476844106659196
0,1,18,2,0,976,1,2,1,2,1,2,3,23,3,2,1,2,1,1,1,"8","9","1",0.310063583530315
0,2,24,2,0,2718,1,3,3,2,1,4,2,20,3,1,1,2,1,2,1,"7","6","1",0.534402465486451
0,1,18,2,6,750,1,1,4,2,1,1,1,27,3,2,1,1,1,1,1,"8","9","2",0.350291600931926
0,2,24,2,1,12579,1,5,4,2,1,2,4,44,3,3,1,4,1,2,1,"7","3","3",0.373326919120687
0,1,18,2,1,7511,5,5,1,3,1,4,2,51,3,3,1,3,2,2,1,"8","4","3",0.755005729846861
0,1,18,4,0,3966,1,5,1,2,1,4,1,33,1,1,3,3,1,2,1,"8","6","2",0.631712698503117
0,1,12,0,3,6199,1,3,4,3,1,2,2,28,3,1,2,3,1,2,1,"9","5","2",0.368280130801797
0,1,24,2,3,1987,1,3,2,3,1,4,1,21,3,1,1,2,2,1,1,"7","7","1",0.43226029564461
0,1,24,2,0,2303,1,5,4,3,2,1,1,45,3,2,1,3,1,1,1,"7","7","3",0.604017775364786
0,4,21,4,0,12680,5,5,4,3,1,4,4,30,3,3,1,4,1,2,1,"7","3","2",0.895968059287883
0,2,12,2,3,6468,5,1,2,3,1,1,4,52,3,2,1,4,1,2,1,"9","5","3",0.741250491034911
0,1,30,2,2,6350,5,5,4,3,1,4,2,31,3,2,1,3,1,1,1,"6","5","2",0.664933314950325
